[{"model": "admin.logentry", "pk": 1, "fields": {"action_time": "2020-11-27T09:05:46.622Z", "user": 1, "content_type": 7, "object_id": "1", "object_repr": "돼지바 프라푸치노", "action_flag": 1, "change_message": "[{\"added\": {}}]"}}, {"model": "admin.logentry", "pk": 2, "fields": {"action_time": "2020-11-27T18:11:53.004Z", "user": 1, "content_type": 7, "object_id": "1", "object_repr": "돼지바 프라푸치노", "action_flag": 2, "change_message": "[]"}}, {"model": "admin.logentry", "pk": 3, "fields": {"action_time": "2020-11-27T09:12:05.485Z", "user": 1, "content_type": 7, "object_id": "1", "object_repr": "돼지바 프라푸치노", "action_flag": 2, "change_message": "[]"}}, {"model": "admin.logentry", "pk": 4, "fields": {"action_time": "2020-11-27T09:12:14.535Z", "user": 1, "content_type": 7, "object_id": "1", "object_repr": "돼지바 프라푸치노", "action_flag": 2, "change_message": "[]"}}, {"model": "admin.logentry", "pk": 5, "fields": {"action_time": "2020-11-27T12:04:33.768Z", "user": 1, "content_type": 7, "object_id": "2", "object_repr": "버터비어 프라푸치노", "action_flag": 1, "change_message": "[{\"added\": {}}]"}}, {"model": "admin.logentry", "pk": 6, "fields": {"action_time": "2020-11-29T10:34:42.770Z", "user": 1, "content_type": 7, "object_id": "2", "object_repr": "버터비어 프라푸치노", "action_flag": 2, "change_message": "[{\"changed\": {\"fields\": [\"SLUG\"]}}]"}}, {"model": "admin.logentry", "pk": 7, "fields": {"action_time": "2020-11-29T10:34:54.708Z", "user": 1, "content_type": 7, "object_id": "1", "object_repr": "돼지바 프라푸치노", "action_flag": 2, "change_message": "[{\"changed\": {\"fields\": [\"SLUG\"]}}]"}}, {"model": "admin.logentry", "pk": 8, "fields": {"action_time": "2020-11-29T10:35:50.038Z", "user": 1, "content_type": 7, "object_id": "2", "object_repr": "버터비어 프라푸치노", "action_flag": 2, "change_message": "[]"}}, {"model": "admin.logentry", "pk": 9, "fields": {"action_time": "2020-11-29T12:55:32.589Z", "user": 1, "content_type": 8, "object_id": "1", "object_repr": "사용자 메뉴 테스트", "action_flag": 1, "change_message": "[{\"added\": {}}]"}}, {"model": "admin.logentry", "pk": 10, "fields": {"action_time": "2020-11-29T13:33:36.638Z", "user": 1, "content_type": 7, "object_id": "1", "object_repr": "돼지바 프라푸치노", "action_flag": 2, "change_message": "[{\"changed\": {\"fields\": [\"Tags\"]}}]"}}, {"model": "admin.logentry", "pk": 11, "fields": {"action_time": "2020-11-29T13:33:46.672Z", "user": 1, "content_type": 7, "object_id": "1", "object_repr": "돼지바 프라푸치노", "action_flag": 2, "change_message": "[]"}}, {"model": "admin.logentry", "pk": 12, "fields": {"action_time": "2020-11-29T13:34:26.380Z", "user": 1, "content_type": 7, "object_id": "2", "object_repr": "버터비어 프라푸치노", "action_flag": 2, "change_message": "[{\"changed\": {\"fields\": [\"Tags\"]}}]"}}, {"model": "admin.logentry", "pk": 13, "fields": {"action_time": "2020-11-29T14:13:35.057Z", "user": 1, "content_type": 8, "object_id": "1", "object_repr": "사용자 메뉴 테스트", "action_flag": 2, "change_message": "[{\"changed\": {\"fields\": [\"Tags\"]}}]"}}, {"model": "admin.logentry", "pk": 14, "fields": {"action_time": "2020-11-29T14:13:42.371Z", "user": 1, "content_type": 8, "object_id": "1", "object_repr": "사용자 메뉴 테스트", "action_flag": 2, "change_message": "[]"}}, {"model": "admin.logentry", "pk": 15, "fields": {"action_time": "2020-11-29T14:14:59.363Z", "user": 1, "content_type": 8, "object_id": "1", "object_repr": "사용자 메뉴 테스트", "action_flag": 2, "change_message": "[]"}}, {"model": "admin.logentry", "pk": 16, "fields": {"action_time": "2020-11-30T12:49:43.666Z", "user": 1, "content_type": 7, "object_id": "2", "object_repr": "버터비어 프라푸치노", "action_flag": 2, "change_message": "[{\"changed\": {\"fields\": [\"RECIPE\"]}}]"}}, {"model": "admin.logentry", "pk": 17, "fields": {"action_time": "2020-11-30T14:26:45.610Z", "user": 1, "content_type": 8, "object_id": "1", "object_repr": "사용자 메뉴 테스트", "action_flag": 2, "change_message": "[{\"changed\": {\"fields\": [\"BRAND\", \"ROLE\"]}}]"}}, {"model": "admin.logentry", "pk": 18, "fields": {"action_time": "2020-11-30T14:26:53.687Z", "user": 1, "content_type": 7, "object_id": "1", "object_repr": "돼지바 프라푸치노", "action_flag": 2, "change_message": "[{\"changed\": {\"fields\": [\"BRAND\"]}}]"}}, {"model": "admin.logentry", "pk": 19, "fields": {"action_time": "2020-11-30T14:26:59.604Z", "user": 1, "content_type": 7, "object_id": "2", "object_repr": "버터비어 프라푸치노", "action_flag": 2, "change_message": "[{\"changed\": {\"fields\": [\"BRAND\"]}}]"}}, {"model": "admin.logentry", "pk": 20, "fields": {"action_time": "2020-12-01T14:01:11.067Z", "user": 1, "content_type": 8, "object_id": "1", "object_repr": "사용자 메뉴 테스트", "action_flag": 2, "change_message": "[{\"changed\": {\"fields\": [\"OWNER\"]}}]"}}, {"model": "admin.logentry", "pk": 21, "fields": {"action_time": "2020-12-01T14:14:37.161Z", "user": 1, "content_type": 12, "object_id": "24", "object_repr": "thanks", "action_flag": 3, "change_message": ""}}, {"model": "admin.logentry", "pk": 22, "fields": {"action_time": "2020-12-01T14:14:37.173Z", "user": 1, "content_type": 12, "object_id": "23", "object_repr": "ㅎ", "action_flag": 3, "change_message": ""}}, {"model": "admin.logentry", "pk": 23, "fields": {"action_time": "2020-12-01T14:14:37.180Z", "user": 1, "content_type": 12, "object_id": "22", "object_repr": "또 한 번 테스트", "action_flag": 3, "change_message": ""}}, {"model": "admin.logentry", "pk": 24, "fields": {"action_time": "2020-12-01T14:14:37.187Z", "user": 1, "content_type": 12, "object_id": "21", "object_repr": "ㅋㅋㅋ", "action_flag": 3, "change_message": ""}}, {"model": "admin.logentry", "pk": 25, "fields": {"action_time": "2020-12-01T14:15:49.555Z", "user": 1, "content_type": 14, "object_id": "16", "object_repr": "ㅎ", "action_flag": 3, "change_message": ""}}, {"model": "admin.logentry", "pk": 26, "fields": {"action_time": "2020-12-02T10:38:51.765Z", "user": 1, "content_type": 8, "object_id": "2", "object_repr": "test", "action_flag": 3, "change_message": ""}}, {"model": "admin.logentry", "pk": 27, "fields": {"action_time": "2020-12-02T10:41:57.122Z", "user": 1, "content_type": 8, "object_id": "3", "object_repr": "테스트용", "action_flag": 2, "change_message": "[{\"changed\": {\"fields\": [\"Like users\"]}}]"}}, {"model": "admin.logentry", "pk": 28, "fields": {"action_time": "2020-12-02T10:42:43.226Z", "user": 1, "content_type": 8, "object_id": "3", "object_repr": "테스트용", "action_flag": 2, "change_message": "[{\"changed\": {\"fields\": [\"IMAGE\", \"Like users\"]}}]"}}, {"model": "admin.logentry", "pk": 29, "fields": {"action_time": "2020-12-02T10:44:47.921Z", "user": 1, "content_type": 8, "object_id": "4", "object_repr": "d", "action_flag": 2, "change_message": "[{\"changed\": {\"fields\": [\"IMAGE\"]}}]"}}, {"model": "admin.logentry", "pk": 30, "fields": {"action_time": "2020-12-02T10:53:50.438Z", "user": 1, "content_type": 8, "object_id": "4", "object_repr": "d", "action_flag": 3, "change_message": ""}}, {"model": "admin.logentry", "pk": 31, "fields": {"action_time": "2020-12-02T10:53:50.446Z", "user": 1, "content_type": 8, "object_id": "3", "object_repr": "테스트용", "action_flag": 3, "change_message": ""}}, {"model": "admin.logentry", "pk": 32, "fields": {"action_time": "2020-12-02T11:01:55.694Z", "user": 1, "content_type": 8, "object_id": "5", "object_repr": "dd", "action_flag": 2, "change_message": "[{\"changed\": {\"fields\": [\"IMAGE\"]}}]"}}, {"model": "admin.logentry", "pk": 33, "fields": {"action_time": "2020-12-02T11:03:10.549Z", "user": 1, "content_type": 8, "object_id": "7", "object_repr": "test2", "action_flag": 3, "change_message": ""}}, {"model": "admin.logentry", "pk": 34, "fields": {"action_time": "2020-12-02T11:03:10.559Z", "user": 1, "content_type": 8, "object_id": "6", "object_repr": "test", "action_flag": 3, "change_message": ""}}, {"model": "admin.logentry", "pk": 35, "fields": {"action_time": "2020-12-02T11:03:10.565Z", "user": 1, "content_type": 8, "object_id": "5", "object_repr": "dd", "action_flag": 3, "change_message": ""}}, {"model": "admin.logentry", "pk": 36, "fields": {"action_time": "2020-12-02T11:25:27.073Z", "user": 1, "content_type": 8, "object_id": "1", "object_repr": "사용자 메뉴 테스트", "action_flag": 3, "change_message": ""}}, {"model": "admin.logentry", "pk": 37, "fields": {"action_time": "2020-12-02T11:25:31.506Z", "user": 1, "content_type": 8, "object_id": "8", "object_repr": "테스트입니다", "action_flag": 3, "change_message": ""}}, {"model": "admin.logentry", "pk": 38, "fields": {"action_time": "2020-12-02T12:10:51.745Z", "user": 1, "content_type": 8, "object_id": "16", "object_repr": "ㅇㅇ", "action_flag": 3, "change_message": ""}}, {"model": "admin.logentry", "pk": 39, "fields": {"action_time": "2020-12-02T12:10:51.757Z", "user": 1, "content_type": 8, "object_id": "15", "object_repr": "안녕하세요", "action_flag": 3, "change_message": ""}}, {"model": "admin.logentry", "pk": 40, "fields": {"action_time": "2020-12-02T12:10:51.763Z", "user": 1, "content_type": 8, "object_id": "14", "object_repr": "ㅇㅁㄻㄹㅇ", "action_flag": 3, "change_message": ""}}, {"model": "admin.logentry", "pk": 41, "fields": {"action_time": "2020-12-02T12:10:51.770Z", "user": 1, "content_type": 8, "object_id": "13", "object_repr": "ㅇ", "action_flag": 3, "change_message": ""}}, {"model": "admin.logentry", "pk": 42, "fields": {"action_time": "2020-12-02T12:10:51.776Z", "user": 1, "content_type": 8, "object_id": "12", "object_repr": "테스트", "action_flag": 3, "change_message": ""}}, {"model": "admin.logentry", "pk": 43, "fields": {"action_time": "2020-12-02T12:10:51.783Z", "user": 1, "content_type": 8, "object_id": "11", "object_repr": "ㅌㅅㅌ", "action_flag": 3, "change_message": ""}}, {"model": "admin.logentry", "pk": 44, "fields": {"action_time": "2020-12-02T12:13:31.662Z", "user": 1, "content_type": 8, "object_id": "19", "object_repr": "ㅁㅇㄴㄹㅇㅁㄴㅇㅁㄴㅇㅁㄴㅇ", "action_flag": 3, "change_message": ""}}, {"model": "admin.logentry", "pk": 45, "fields": {"action_time": "2020-12-02T12:13:31.672Z", "user": 1, "content_type": 8, "object_id": "18", "object_repr": "ㅁㅇㄴㄹㅇ", "action_flag": 3, "change_message": ""}}, {"model": "admin.logentry", "pk": 46, "fields": {"action_time": "2020-12-02T12:13:31.677Z", "user": 1, "content_type": 8, "object_id": "17", "object_repr": "ㅁㅇㄴㄹ", "action_flag": 3, "change_message": ""}}, {"model": "admin.logentry", "pk": 47, "fields": {"action_time": "2020-12-02T12:18:29.823Z", "user": 1, "content_type": 8, "object_id": "23", "object_repr": "ㅇㅇㅁ", "action_flag": 3, "change_message": ""}}, {"model": "admin.logentry", "pk": 48, "fields": {"action_time": "2020-12-02T12:18:39.983Z", "user": 1, "content_type": 8, "object_id": "22", "object_repr": "ㅇㅇ", "action_flag": 2, "change_message": "[{\"changed\": {\"fields\": [\"IMAGE\"]}}]"}}, {"model": "admin.logentry", "pk": 49, "fields": {"action_time": "2020-12-02T12:24:47.532Z", "user": 1, "content_type": 8, "object_id": "22", "object_repr": "ㅇㅇ", "action_flag": 3, "change_message": ""}}, {"model": "admin.logentry", "pk": 50, "fields": {"action_time": "2020-12-02T12:24:47.541Z", "user": 1, "content_type": 8, "object_id": "10", "object_repr": "고디바 프라푸치노", "action_flag": 3, "change_message": ""}}, {"model": "admin.logentry", "pk": 51, "fields": {"action_time": "2020-12-02T12:37:09.999Z", "user": 1, "content_type": 8, "object_id": "24", "object_repr": "안녕하세요 테스트", "action_flag": 3, "change_message": ""}}, {"model": "admin.logentry", "pk": 52, "fields": {"action_time": "2020-12-02T14:05:34.054Z", "user": 1, "content_type": 8, "object_id": "29", "object_repr": "ㄴ", "action_flag": 3, "change_message": ""}}, {"model": "admin.logentry", "pk": 53, "fields": {"action_time": "2020-12-02T14:44:33.197Z", "user": 1, "content_type": 8, "object_id": "30", "object_repr": "d", "action_flag": 3, "change_message": ""}}, {"model": "admin.logentry", "pk": 54, "fields": {"action_time": "2020-12-02T14:44:33.209Z", "user": 1, "content_type": 8, "object_id": "28", "object_repr": "ㄴㄴㄴㄴ", "action_flag": 3, "change_message": ""}}, {"model": "admin.logentry", "pk": 55, "fields": {"action_time": "2020-12-02T14:44:33.215Z", "user": 1, "content_type": 8, "object_id": "27", "object_repr": "hello", "action_flag": 3, "change_message": ""}}, {"model": "admin.logentry", "pk": 56, "fields": {"action_time": "2020-12-02T15:10:12.877Z", "user": 1, "content_type": 14, "object_id": "25", "object_repr": "테스트", "action_flag": 3, "change_message": ""}}, {"model": "admin.logentry", "pk": 57, "fields": {"action_time": "2020-12-02T15:10:12.889Z", "user": 1, "content_type": 14, "object_id": "24", "object_repr": "테스토", "action_flag": 3, "change_message": ""}}, {"model": "admin.logentry", "pk": 58, "fields": {"action_time": "2020-12-02T15:10:12.896Z", "user": 1, "content_type": 14, "object_id": "23", "object_repr": "테스트", "action_flag": 3, "change_message": ""}}, {"model": "admin.logentry", "pk": 59, "fields": {"action_time": "2020-12-02T15:10:22.257Z", "user": 1, "content_type": 12, "object_id": "31", "object_repr": "테스트", "action_flag": 3, "change_message": ""}}, {"model": "admin.logentry", "pk": 60, "fields": {"action_time": "2020-12-02T15:10:22.268Z", "user": 1, "content_type": 12, "object_id": "30", "object_repr": "테스트", "action_flag": 3, "change_message": ""}}, {"model": "admin.logentry", "pk": 61, "fields": {"action_time": "2020-12-02T15:10:22.273Z", "user": 1, "content_type": 12, "object_id": "29", "object_repr": "테스트", "action_flag": 3, "change_message": ""}}, {"model": "admin.logentry", "pk": 62, "fields": {"action_time": "2020-12-02T15:10:22.280Z", "user": 1, "content_type": 12, "object_id": "28", "object_repr": "세 번째", "action_flag": 3, "change_message": ""}}, {"model": "admin.logentry", "pk": 63, "fields": {"action_time": "2020-12-02T15:10:22.286Z", "user": 1, "content_type": 12, "object_id": "27", "object_repr": "두 번째 댓글입니다.", "action_flag": 3, "change_message": ""}}, {"model": "admin.logentry", "pk": 64, "fields": {"action_time": "2020-12-02T15:10:22.291Z", "user": 1, "content_type": 12, "object_id": "26", "object_repr": "첫 댓글입니다.", "action_flag": 3, "change_message": ""}}, {"model": "admin.logentry", "pk": 65, "fields": {"action_time": "2020-12-02T15:10:22.298Z", "user": 1, "content_type": 12, "object_id": "25", "object_repr": "첫 댓글입니다.", "action_flag": 3, "change_message": ""}}, {"model": "admin.logentry", "pk": 66, "fields": {"action_time": "2020-12-02T15:11:38.228Z", "user": 1, "content_type": 14, "object_id": "26", "object_repr": "ㄳ", "action_flag": 3, "change_message": ""}}, {"model": "admin.logentry", "pk": 67, "fields": {"action_time": "2020-12-09T05:17:32.528Z", "user": 1, "content_type": 8, "object_id": "47", "object_repr": "i", "action_flag": 3, "change_message": ""}}, {"model": "admin.logentry", "pk": 68, "fields": {"action_time": "2020-12-09T05:17:32.549Z", "user": 1, "content_type": 8, "object_id": "46", "object_repr": "k", "action_flag": 3, "change_message": ""}}, {"model": "admin.logentry", "pk": 69, "fields": {"action_time": "2020-12-09T05:17:32.566Z", "user": 1, "content_type": 8, "object_id": "45", "object_repr": "j", "action_flag": 3, "change_message": ""}}, {"model": "admin.logentry", "pk": 70, "fields": {"action_time": "2020-12-09T05:17:32.579Z", "user": 1, "content_type": 8, "object_id": "35", "object_repr": "b", "action_flag": 3, "change_message": ""}}, {"model": "admin.logentry", "pk": 71, "fields": {"action_time": "2020-12-09T05:17:32.596Z", "user": 1, "content_type": 8, "object_id": "34", "object_repr": "ㅁ", "action_flag": 3, "change_message": ""}}, {"model": "admin.logentry", "pk": 72, "fields": {"action_time": "2020-12-09T05:17:32.610Z", "user": 1, "content_type": 8, "object_id": "33", "object_repr": "dd", "action_flag": 3, "change_message": ""}}, {"model": "admin.logentry", "pk": 73, "fields": {"action_time": "2020-12-09T05:17:32.627Z", "user": 1, "content_type": 8, "object_id": "32", "object_repr": "테스트입니다", "action_flag": 3, "change_message": ""}}, {"model": "admin.logentry", "pk": 74, "fields": {"action_time": "2020-12-11T05:24:57.638Z", "user": 1, "content_type": 14, "object_id": "37", "object_repr": "width:100%;\r\nwidth:100%;\r\nwidth:100%;\r\nwidth:100%;", "action_flag": 3, "change_message": ""}}, {"model": "admin.logentry", "pk": 75, "fields": {"action_time": "2020-12-11T05:24:57.647Z", "user": 1, "content_type": 14, "object_id": "36", "object_repr": "여러줄을입력해볼게요여러줄을입력해볼게요여러줄을입력해볼게요여러줄을입력해볼게요여러줄을입력해볼게요여러줄을입력해볼게요여러줄을입력해볼게요여러줄을입력해볼게요여러줄을입력해볼게요여러줄을입력해볼게요여러줄을입력해볼게요여러줄을입력해볼게요여러줄을입력해볼게요여러줄을입력해볼게요여러줄을입력해볼게요여러줄을입력해볼게요", "action_flag": 3, "change_message": ""}}, {"model": "admin.logentry", "pk": 76, "fields": {"action_time": "2020-12-11T05:24:57.657Z", "user": 1, "content_type": 14, "object_id": "35", "object_repr": "여러줄을입력해볼게요여러줄을입력해볼게요여러줄을입력해볼게요여러줄을입력해볼게요여러줄을입력해볼게요여러줄을입력해볼게요", "action_flag": 3, "change_message": ""}}, {"model": "admin.logentry", "pk": 77, "fields": {"action_time": "2020-12-11T08:55:24.070Z", "user": 1, "content_type": 7, "object_id": "2", "object_repr": "버터비어 프라푸치노", "action_flag": 3, "change_message": ""}}, {"model": "admin.logentry", "pk": 78, "fields": {"action_time": "2020-12-11T08:57:04.353Z", "user": 1, "content_type": 7, "object_id": "1", "object_repr": "돼지바 프라푸치노", "action_flag": 3, "change_message": ""}}, {"model": "admin.logentry", "pk": 79, "fields": {"action_time": "2020-12-11T08:57:12.653Z", "user": 1, "content_type": 8, "object_id": "52", "object_repr": "이디야", "action_flag": 3, "change_message": ""}}, {"model": "admin.logentry", "pk": 80, "fields": {"action_time": "2020-12-11T08:57:12.664Z", "user": 1, "content_type": 8, "object_id": "51", "object_repr": "공차", "action_flag": 3, "change_message": ""}}, {"model": "admin.logentry", "pk": 81, "fields": {"action_time": "2020-12-11T08:57:12.671Z", "user": 1, "content_type": 8, "object_id": "50", "object_repr": "스벅", "action_flag": 3, "change_message": ""}}, {"model": "admin.logentry", "pk": 82, "fields": {"action_time": "2020-12-11T10:06:44.160Z", "user": 1, "content_type": 8, "object_id": "55", "object_repr": "f", "action_flag": 3, "change_message": ""}}, {"model": "admin.logentry", "pk": 83, "fields": {"action_time": "2020-12-11T10:11:37.742Z", "user": 1, "content_type": 7, "object_id": "3", "object_repr": "돼지바 프라푸치노", "action_flag": 1, "change_message": "[{\"added\": {}}]"}}, {"model": "admin.logentry", "pk": 84, "fields": {"action_time": "2020-12-11T10:13:30.667Z", "user": 1, "content_type": 7, "object_id": "4", "object_repr": "버터비어 프라푸치노", "action_flag": 1, "change_message": "[{\"added\": {}}]"}}, {"model": "admin.logentry", "pk": 85, "fields": {"action_time": "2020-12-11T10:13:55.705Z", "user": 1, "content_type": 7, "object_id": "3", "object_repr": "돼지바 프라푸치노", "action_flag": 2, "change_message": "[{\"changed\": {\"fields\": [\"OWNER\"]}}]"}}, {"model": "admin.logentry", "pk": 86, "fields": {"action_time": "2020-12-11T10:14:01.180Z", "user": 1, "content_type": 7, "object_id": "4", "object_repr": "버터비어 프라푸치노", "action_flag": 2, "change_message": "[{\"changed\": {\"fields\": [\"OWNER\"]}}]"}}, {"model": "admin.logentry", "pk": 87, "fields": {"action_time": "2020-12-11T10:20:25.492Z", "user": 1, "content_type": 7, "object_id": "5", "object_repr": "고디바 프라푸치노", "action_flag": 1, "change_message": "[{\"added\": {}}]"}}, {"model": "admin.logentry", "pk": 88, "fields": {"action_time": "2020-12-11T12:36:48.324Z", "user": 1, "content_type": 7, "object_id": "6", "object_repr": "슈렉 플랫치노", "action_flag": 1, "change_message": "[{\"added\": {}}]"}}, {"model": "admin.logentry", "pk": 89, "fields": {"action_time": "2020-12-11T12:39:02.429Z", "user": 1, "content_type": 7, "object_id": "7", "object_repr": "돼지바 쉐이크", "action_flag": 1, "change_message": "[{\"added\": {}}]"}}, {"model": "admin.logentry", "pk": 90, "fields": {"action_time": "2020-12-11T12:40:20.849Z", "user": 1, "content_type": 7, "object_id": "8", "object_repr": "붕어싸만코쉐이크", "action_flag": 1, "change_message": "[{\"added\": {}}]"}}, {"model": "admin.logentry", "pk": 91, "fields": {"action_time": "2020-12-11T12:44:09.538Z", "user": 1, "content_type": 7, "object_id": "9", "object_repr": "타로 밀크티", "action_flag": 1, "change_message": "[{\"added\": {}}]"}}, {"model": "admin.logentry", "pk": 92, "fields": {"action_time": "2020-12-11T12:45:27.081Z", "user": 1, "content_type": 7, "object_id": "10", "object_repr": "초콜렛 밀크티", "action_flag": 1, "change_message": "[{\"added\": {}}]"}}, {"model": "admin.logentry", "pk": 93, "fields": {"action_time": "2020-12-11T12:47:33.311Z", "user": 1, "content_type": 7, "object_id": "11", "object_repr": "제주 그린티 스무디", "action_flag": 1, "change_message": "[{\"added\": {}}]"}}, {"model": "admin.logentry", "pk": 94, "fields": {"action_time": "2020-12-11T14:29:49.356Z", "user": 1, "content_type": 14, "object_id": "43", "object_repr": "댓글 테스트", "action_flag": 3, "change_message": ""}}, {"model": "admin.logentry", "pk": 95, "fields": {"action_time": "2020-12-12T16:56:21.548Z", "user": 1, "content_type": 7, "object_id": "3", "object_repr": "고디바 프라푸치노", "action_flag": 2, "change_message": "[{\"changed\": {\"fields\": [\"Tags\"]}}]"}}, {"model": "admin.logentry", "pk": 96, "fields": {"action_time": "2020-12-12T16:56:44.239Z", "user": 1, "content_type": 7, "object_id": "2", "object_repr": "버터비어 프라푸치노", "action_flag": 2, "change_message": "[{\"changed\": {\"fields\": [\"Tags\"]}}]"}}, {"model": "admin.logentry", "pk": 97, "fields": {"action_time": "2020-12-12T16:57:04.613Z", "user": 1, "content_type": 7, "object_id": "4", "object_repr": "슈렉 플랫치노", "action_flag": 2, "change_message": "[{\"changed\": {\"fields\": [\"Tags\"]}}]"}}, {"model": "admin.logentry", "pk": 98, "fields": {"action_time": "2020-12-12T16:57:20.977Z", "user": 1, "content_type": 7, "object_id": "5", "object_repr": "돼지바 쉐이크", "action_flag": 2, "change_message": "[{\"changed\": {\"fields\": [\"Tags\"]}}]"}}, {"model": "admin.logentry", "pk": 99, "fields": {"action_time": "2020-12-12T16:57:40.874Z", "user": 1, "content_type": 7, "object_id": "5", "object_repr": "돼지바 쉐이크", "action_flag": 2, "change_message": "[{\"changed\": {\"fields\": [\"Tags\"]}}]"}}, {"model": "admin.logentry", "pk": 100, "fields": {"action_time": "2020-12-12T16:57:54.160Z", "user": 1, "content_type": 7, "object_id": "1", "object_repr": "돼지바 프라푸치노", "action_flag": 2, "change_message": "[{\"changed\": {\"fields\": [\"Tags\"]}}]"}}, {"model": "admin.logentry", "pk": 101, "fields": {"action_time": "2020-12-12T16:58:06.655Z", "user": 1, "content_type": 7, "object_id": "6", "object_repr": "붕어싸만코쉐이크", "action_flag": 2, "change_message": "[{\"changed\": {\"fields\": [\"Tags\"]}}]"}}, {"model": "admin.logentry", "pk": 102, "fields": {"action_time": "2020-12-12T16:58:16.338Z", "user": 1, "content_type": 7, "object_id": "7", "object_repr": "타로 밀크티", "action_flag": 2, "change_message": "[{\"changed\": {\"fields\": [\"Tags\"]}}]"}}, {"model": "admin.logentry", "pk": 103, "fields": {"action_time": "2020-12-12T16:58:31.053Z", "user": 1, "content_type": 7, "object_id": "8", "object_repr": "초콜렛 밀크티", "action_flag": 2, "change_message": "[{\"changed\": {\"fields\": [\"Tags\"]}}]"}}, {"model": "admin.logentry", "pk": 104, "fields": {"action_time": "2020-12-12T16:58:42.060Z", "user": 1, "content_type": 7, "object_id": "9", "object_repr": "제주 그린티 스무디", "action_flag": 2, "change_message": "[{\"changed\": {\"fields\": [\"Tags\"]}}]"}}, {"model": "admin.logentry", "pk": 105, "fields": {"action_time": "2020-12-13T12:01:14.926Z", "user": 1, "content_type": 7, "object_id": "3", "object_repr": "고디바 프라푸치노", "action_flag": 2, "change_message": "[{\"changed\": {\"fields\": [\"RECIPE\"]}}]"}}, {"model": "admin.logentry", "pk": 106, "fields": {"action_time": "2020-12-14T08:53:18.489Z", "user": 1, "content_type": 7, "object_id": "6", "object_repr": "붕어싸만코 쉐이크", "action_flag": 2, "change_message": "[{\"changed\": {\"fields\": [\"FOOD_NAME\"]}}]"}}, {"model": "admin.logentry", "pk": 107, "fields": {"action_time": "2020-12-14T09:08:18.215Z", "user": 1, "content_type": 7, "object_id": "7", "object_repr": "타로 밀크티", "action_flag": 2, "change_message": "[{\"changed\": {\"fields\": [\"RECIPE\"]}}]"}}, {"model": "admin.logentry", "pk": 108, "fields": {"action_time": "2020-12-14T09:08:23.670Z", "user": 1, "content_type": 7, "object_id": "8", "object_repr": "초콜렛 밀크티", "action_flag": 2, "change_message": "[{\"changed\": {\"fields\": [\"RECIPE\"]}}]"}}, {"model": "admin.logentry", "pk": 109, "fields": {"action_time": "2020-12-14T09:37:55.296Z", "user": 1, "content_type": 7, "object_id": "12", "object_repr": "망고 스무디", "action_flag": 1, "change_message": "[{\"added\": {}}]"}}, {"model": "admin.logentry", "pk": 110, "fields": {"action_time": "2020-12-14T09:38:39.031Z", "user": 1, "content_type": 7, "object_id": "13", "object_repr": "망고 요구르트", "action_flag": 1, "change_message": "[{\"added\": {}}]"}}, {"model": "admin.logentry", "pk": 111, "fields": {"action_time": "2020-12-14T09:39:53.967Z", "user": 1, "content_type": 7, "object_id": "14", "object_repr": "블랙 밀크티", "action_flag": 1, "change_message": "[{\"added\": {}}]"}}, {"model": "admin.logentry", "pk": 112, "fields": {"action_time": "2020-12-14T09:41:45.763Z", "user": 1, "content_type": 7, "object_id": "15", "object_repr": "우롱 밀크티", "action_flag": 1, "change_message": "[{\"added\": {}}]"}}, {"model": "admin.logentry", "pk": 113, "fields": {"action_time": "2020-12-14T09:45:58.304Z", "user": 1, "content_type": 7, "object_id": "16", "object_repr": "슈렉플랫치노", "action_flag": 1, "change_message": "[{\"added\": {}}]"}}, {"model": "admin.logentry", "pk": 114, "fields": {"action_time": "2020-12-14T09:46:12.604Z", "user": 1, "content_type": 7, "object_id": "16", "object_repr": "슈렉플랫치노", "action_flag": 3, "change_message": ""}}, {"model": "admin.logentry", "pk": 115, "fields": {"action_time": "2020-12-14T10:20:43.673Z", "user": 1, "content_type": 7, "object_id": "17", "object_repr": "네스퀵 플랫치노", "action_flag": 1, "change_message": "[{\"added\": {}}]"}}, {"model": "admin.logentry", "pk": 116, "fields": {"action_time": "2020-12-14T10:23:05.757Z", "user": 1, "content_type": 7, "object_id": "18", "object_repr": "토샷추", "action_flag": 1, "change_message": "[{\"added\": {}}]"}}, {"model": "admin.logentry", "pk": 117, "fields": {"action_time": "2020-12-14T10:26:20.622Z", "user": 1, "content_type": 7, "object_id": "19", "object_repr": "녹차 라떼", "action_flag": 1, "change_message": "[{\"added\": {}}]"}}, {"model": "admin.logentry", "pk": 118, "fields": {"action_time": "2020-12-14T10:26:28.973Z", "user": 1, "content_type": 7, "object_id": "18", "object_repr": "토샷추", "action_flag": 2, "change_message": "[{\"changed\": {\"fields\": [\"Tags\"]}}]"}}, {"model": "admin.logentry", "pk": 119, "fields": {"action_time": "2020-12-14T10:26:33.132Z", "user": 1, "content_type": 7, "object_id": "19", "object_repr": "녹차 라떼", "action_flag": 2, "change_message": "[]"}}, {"model": "admin.logentry", "pk": 120, "fields": {"action_time": "2020-12-14T10:27:21.215Z", "user": 1, "content_type": 7, "object_id": "20", "object_repr": "아이스티(아샷추)", "action_flag": 1, "change_message": "[{\"added\": {}}]"}}, {"model": "admin.logentry", "pk": 121, "fields": {"action_time": "2020-12-14T10:27:34.660Z", "user": 1, "content_type": 7, "object_id": "20", "object_repr": "아이스티(아샷추)", "action_flag": 2, "change_message": "[{\"changed\": {\"fields\": [\"Tags\"]}}]"}}, {"model": "admin.logentry", "pk": 122, "fields": {"action_time": "2020-12-14T10:29:19.149Z", "user": 1, "content_type": 7, "object_id": "21", "object_repr": "초콜릿크림칩 프라푸치노", "action_flag": 1, "change_message": "[{\"added\": {}}]"}}, {"model": "admin.logentry", "pk": 123, "fields": {"action_time": "2020-12-14T10:33:27.146Z", "user": 1, "content_type": 7, "object_id": "22", "object_repr": "말차크림 프라푸치노", "action_flag": 1, "change_message": "[{\"added\": {}}]"}}, {"model": "admin.logentry", "pk": 124, "fields": {"action_time": "2020-12-14T10:34:28.450Z", "user": 1, "content_type": 7, "object_id": "23", "object_repr": "트윅스 프라푸치노", "action_flag": 1, "change_message": "[{\"added\": {}}]"}}, {"model": "admin.logentry", "pk": 125, "fields": {"action_time": "2020-12-14T10:35:05.862Z", "user": 1, "content_type": 7, "object_id": "24", "object_repr": "아메리카노", "action_flag": 1, "change_message": "[{\"added\": {}}]"}}, {"model": "admin.logentry", "pk": 126, "fields": {"action_time": "2020-12-14T11:16:51.672Z", "user": 1, "content_type": 7, "object_id": "18", "object_repr": "토피넛 라떼(토샷추)", "action_flag": 2, "change_message": "[{\"changed\": {\"fields\": [\"FOOD_NAME\"]}}]"}}, {"model": "auth.permission", "pk": 1, "fields": {"name": "Can add log entry", "content_type": 1, "codename": "add_logentry"}}, {"model": "auth.permission", "pk": 2, "fields": {"name": "Can change log entry", "content_type": 1, "codename": "change_logentry"}}, {"model": "auth.permission", "pk": 3, "fields": {"name": "Can delete log entry", "content_type": 1, "codename": "delete_logentry"}}, {"model": "auth.permission", "pk": 4, "fields": {"name": "Can view log entry", "content_type": 1, "codename": "view_logentry"}}, {"model": "auth.permission", "pk": 5, "fields": {"name": "Can add permission", "content_type": 2, "codename": "add_permission"}}, {"model": "auth.permission", "pk": 6, "fields": {"name": "Can change permission", "content_type": 2, "codename": "change_permission"}}, {"model": "auth.permission", "pk": 7, "fields": {"name": "Can delete permission", "content_type": 2, "codename": "delete_permission"}}, {"model": "auth.permission", "pk": 8, "fields": {"name": "Can view permission", "content_type": 2, "codename": "view_permission"}}, {"model": "auth.permission", "pk": 9, "fields": {"name": "Can add group", "content_type": 3, "codename": "add_group"}}, {"model": "auth.permission", "pk": 10, "fields": {"name": "Can change group", "content_type": 3, "codename": "change_group"}}, {"model": "auth.permission", "pk": 11, "fields": {"name": "Can delete group", "content_type": 3, "codename": "delete_group"}}, {"model": "auth.permission", "pk": 12, "fields": {"name": "Can view group", "content_type": 3, "codename": "view_group"}}, {"model": "auth.permission", "pk": 13, "fields": {"name": "Can add user", "content_type": 4, "codename": "add_user"}}, {"model": "auth.permission", "pk": 14, "fields": {"name": "Can change user", "content_type": 4, "codename": "change_user"}}, {"model": "auth.permission", "pk": 15, "fields": {"name": "Can delete user", "content_type": 4, "codename": "delete_user"}}, {"model": "auth.permission", "pk": 16, "fields": {"name": "Can view user", "content_type": 4, "codename": "view_user"}}, {"model": "auth.permission", "pk": 17, "fields": {"name": "Can add content type", "content_type": 5, "codename": "add_contenttype"}}, {"model": "auth.permission", "pk": 18, "fields": {"name": "Can change content type", "content_type": 5, "codename": "change_contenttype"}}, {"model": "auth.permission", "pk": 19, "fields": {"name": "Can delete content type", "content_type": 5, "codename": "delete_contenttype"}}, {"model": "auth.permission", "pk": 20, "fields": {"name": "Can view content type", "content_type": 5, "codename": "view_contenttype"}}, {"model": "auth.permission", "pk": 21, "fields": {"name": "Can add session", "content_type": 6, "codename": "add_session"}}, {"model": "auth.permission", "pk": 22, "fields": {"name": "Can change session", "content_type": 6, "codename": "change_session"}}, {"model": "auth.permission", "pk": 23, "fields": {"name": "Can delete session", "content_type": 6, "codename": "delete_session"}}, {"model": "auth.permission", "pk": 24, "fields": {"name": "Can view session", "content_type": 6, "codename": "view_session"}}, {"model": "auth.permission", "pk": 25, "fields": {"name": "Can add aljoadmin", "content_type": 7, "codename": "add_aljoadmin"}}, {"model": "auth.permission", "pk": 26, "fields": {"name": "Can change aljoadmin", "content_type": 7, "codename": "change_aljoadmin"}}, {"model": "auth.permission", "pk": 27, "fields": {"name": "Can delete aljoadmin", "content_type": 7, "codename": "delete_aljoadmin"}}, {"model": "auth.permission", "pk": 28, "fields": {"name": "Can view aljoadmin", "content_type": 7, "codename": "view_aljoadmin"}}, {"model": "auth.permission", "pk": 29, "fields": {"name": "Can add aljouser", "content_type": 8, "codename": "add_aljouser"}}, {"model": "auth.permission", "pk": 30, "fields": {"name": "Can change aljouser", "content_type": 8, "codename": "change_aljouser"}}, {"model": "auth.permission", "pk": 31, "fields": {"name": "Can delete aljouser", "content_type": 8, "codename": "delete_aljouser"}}, {"model": "auth.permission", "pk": 32, "fields": {"name": "Can view aljouser", "content_type": 8, "codename": "view_aljouser"}}, {"model": "auth.permission", "pk": 33, "fields": {"name": "Can add aljoadmin comment", "content_type": 9, "codename": "add_aljoadmincomment"}}, {"model": "auth.permission", "pk": 34, "fields": {"name": "Can change aljoadmin comment", "content_type": 9, "codename": "change_aljoadmincomment"}}, {"model": "auth.permission", "pk": 35, "fields": {"name": "Can delete aljoadmin comment", "content_type": 9, "codename": "delete_aljoadmincomment"}}, {"model": "auth.permission", "pk": 36, "fields": {"name": "Can view aljoadmin comment", "content_type": 9, "codename": "view_aljoadmincomment"}}, {"model": "auth.permission", "pk": 37, "fields": {"name": "Can add tag", "content_type": 10, "codename": "add_tag"}}, {"model": "auth.permission", "pk": 38, "fields": {"name": "Can change tag", "content_type": 10, "codename": "change_tag"}}, {"model": "auth.permission", "pk": 39, "fields": {"name": "Can delete tag", "content_type": 10, "codename": "delete_tag"}}, {"model": "auth.permission", "pk": 40, "fields": {"name": "Can view tag", "content_type": 10, "codename": "view_tag"}}, {"model": "auth.permission", "pk": 41, "fields": {"name": "Can add tagged item", "content_type": 11, "codename": "add_taggeditem"}}, {"model": "auth.permission", "pk": 42, "fields": {"name": "Can change tagged item", "content_type": 11, "codename": "change_taggeditem"}}, {"model": "auth.permission", "pk": 43, "fields": {"name": "Can delete tagged item", "content_type": 11, "codename": "delete_taggeditem"}}, {"model": "auth.permission", "pk": 44, "fields": {"name": "Can view tagged item", "content_type": 11, "codename": "view_taggeditem"}}, {"model": "auth.permission", "pk": 45, "fields": {"name": "Can add comment", "content_type": 12, "codename": "add_comment"}}, {"model": "auth.permission", "pk": 46, "fields": {"name": "Can change comment", "content_type": 12, "codename": "change_comment"}}, {"model": "auth.permission", "pk": 47, "fields": {"name": "Can delete comment", "content_type": 12, "codename": "delete_comment"}}, {"model": "auth.permission", "pk": 48, "fields": {"name": "Can view comment", "content_type": 12, "codename": "view_comment"}}, {"model": "auth.permission", "pk": 49, "fields": {"name": "Can add like", "content_type": 13, "codename": "add_like"}}, {"model": "auth.permission", "pk": 50, "fields": {"name": "Can change like", "content_type": 13, "codename": "change_like"}}, {"model": "auth.permission", "pk": 51, "fields": {"name": "Can delete like", "content_type": 13, "codename": "delete_like"}}, {"model": "auth.permission", "pk": 52, "fields": {"name": "Can view like", "content_type": 13, "codename": "view_like"}}, {"model": "auth.permission", "pk": 53, "fields": {"name": "Can add comment user", "content_type": 14, "codename": "add_commentuser"}}, {"model": "auth.permission", "pk": 54, "fields": {"name": "Can change comment user", "content_type": 14, "codename": "change_commentuser"}}, {"model": "auth.permission", "pk": 55, "fields": {"name": "Can delete comment user", "content_type": 14, "codename": "delete_commentuser"}}, {"model": "auth.permission", "pk": 56, "fields": {"name": "Can view comment user", "content_type": 14, "codename": "view_commentuser"}}, {"model": "auth.permission", "pk": 57, "fields": {"name": "Can add recommend", "content_type": 15, "codename": "add_recommend"}}, {"model": "auth.permission", "pk": 58, "fields": {"name": "Can change recommend", "content_type": 15, "codename": "change_recommend"}}, {"model": "auth.permission", "pk": 59, "fields": {"name": "Can delete recommend", "content_type": 15, "codename": "delete_recommend"}}, {"model": "auth.permission", "pk": 60, "fields": {"name": "Can view recommend", "content_type": 15, "codename": "view_recommend"}}, {"model": "auth.user", "pk": 1, "fields": {"password": "pbkdf2_sha256$216000$QKtRL2cCFH11$7/xIPkQ544iAQnFGAnig9ia5TjVRAQZufDesILSuo9E=", "last_login": "2020-12-14T15:09:32.039Z", "is_superuser": true, "username": "aljoofficial", "first_name": "", "last_name": "", "email": "aljo@naver.com", "is_staff": true, "is_active": true, "date_joined": "2020-11-27T08:54:43.059Z", "groups": [], "user_permissions": []}}, {"model": "auth.user", "pk": 2, "fields": {"password": "pbkdf2_sha256$216000$9tiYGPxGUq9h$aKKYq1nHVOhBqAQ1AX0nzVbHAqvclZuWj6S3dlXuY+8=", "last_login": "2020-12-14T12:16:17.684Z", "is_superuser": false, "username": "user1", "first_name": "", "last_name": "", "email": "", "is_staff": false, "is_active": true, "date_joined": "2020-11-30T08:54:51.343Z", "groups": [], "user_permissions": []}}, {"model": "auth.user", "pk": 3, "fields": {"password": "pbkdf2_sha256$216000$BYqlxxI5NPqD$/HikuaSraRji6cmT1GJCnK/dZLMx6NI+q3jntjBZviA=", "last_login": "2020-12-14T06:40:19.927Z", "is_superuser": false, "username": "user2", "first_name": "", "last_name": "", "email": "", "is_staff": false, "is_active": true, "date_joined": "2020-12-01T13:50:37.517Z", "groups": [], "user_permissions": []}}, {"model": "auth.user", "pk": 4, "fields": {"password": "pbkdf2_sha256$216000$ciM4rNrqG4Sx$XWUnC1wl3oV6OinbPgJHxTPhjr346lzHqUK/RIeT63k=", "last_login": "2020-12-14T08:22:32.655Z", "is_superuser": false, "username": "user3", "first_name": "", "last_name": "", "email": "", "is_staff": false, "is_active": true, "date_joined": "2020-12-04T01:35:45.761Z", "groups": [], "user_permissions": []}}, {"model": "auth.user", "pk": 5, "fields": {"password": "pbkdf2_sha256$216000$tViiFzm7ydZC$mIIIBPOzJtgBfoV34Gvmr16DRgJLpnwxPymfCd8azyA=", "last_login": "2020-12-08T05:22:09.574Z", "is_superuser": false, "username": "user10", "first_name": "", "last_name": "", "email": "", "is_staff": false, "is_active": true, "date_joined": "2020-12-08T05:21:59.136Z", "groups": [], "user_permissions": []}}, {"model": "auth.user", "pk": 6, "fields": {"password": "pbkdf2_sha256$216000$2NsDl2a9UOrO$uqYbMzCvY6JBGYpvRCVzF8dkwzeJLJ6o0jnSvAZXv/M=", "last_login": null, "is_superuser": false, "username": "user11", "first_name": "", "last_name": "", "email": "", "is_staff": false, "is_active": true, "date_joined": "2020-12-08T07:59:06.052Z", "groups": [], "user_permissions": []}}, {"model": "auth.user", "pk": 7, "fields": {"password": "pbkdf2_sha256$216000$vTHc7G2GKkY5$OXfaJxs9rxDQzGdozg+1P2MKsjP9+ZxopOQ4F6byjmQ=", "last_login": "2020-12-08T08:15:52.320Z", "is_superuser": false, "username": "user12", "first_name": "", "last_name": "", "email": "", "is_staff": false, "is_active": true, "date_joined": "2020-12-08T08:05:00.751Z", "groups": [], "user_permissions": []}}, {"model": "auth.user", "pk": 8, "fields": {"password": "pbkdf2_sha256$216000$wdaoFdeuNLx6$6/fG8ApMCdVOh5uiF5u6n1rS981B7p4dRxI7RZz+mgI=", "last_login": "2020-12-12T06:28:26.583Z", "is_superuser": false, "username": "user5", "first_name": "", "last_name": "", "email": "", "is_staff": false, "is_active": true, "date_joined": "2020-12-12T06:01:16.020Z", "groups": [], "user_permissions": []}}, {"model": "auth.user", "pk": 9, "fields": {"password": "pbkdf2_sha256$216000$P6qkqbhctIpG$9tg2VOfLFjX4db8cgGHY/h/saW/shMi6nCCYWQKl6N0=", "last_login": null, "is_superuser": false, "username": "user6", "first_name": "", "last_name": "", "email": "", "is_staff": false, "is_active": true, "date_joined": "2020-12-12T06:27:30.233Z", "groups": [], "user_permissions": []}}, {"model": "auth.user", "pk": 10, "fields": {"password": "pbkdf2_sha256$260000$ltW5piLW0XsTjIaspl6sWr$TW9uwEItNWgiKyK2ZtEzfih9xqogatKuuknwyp3Bixw=", "last_login": "2021-07-25T17:20:59.102Z", "is_superuser": false, "username": "testuser1", "first_name": "", "last_name": "", "email": "", "is_staff": false, "is_active": true, "date_joined": "2021-07-25T17:20:43.593Z", "groups": [], "user_permissions": []}}, {"model": "contenttypes.contenttype", "pk": 1, "fields": {"app_label": "admin", "model": "logentry"}}, {"model": "contenttypes.contenttype", "pk": 2, "fields": {"app_label": "auth", "model": "permission"}}, {"model": "contenttypes.contenttype", "pk": 3, "fields": {"app_label": "auth", "model": "group"}}, {"model": "contenttypes.contenttype", "pk": 4, "fields": {"app_label": "auth", "model": "user"}}, {"model": "contenttypes.contenttype", "pk": 5, "fields": {"app_label": "contenttypes", "model": "contenttype"}}, {"model": "contenttypes.contenttype", "pk": 6, "fields": {"app_label": "sessions", "model": "session"}}, {"model": "contenttypes.contenttype", "pk": 7, "fields": {"app_label": "aljoadmin", "model": "aljoadmin"}}, {"model": "contenttypes.contenttype", "pk": 8, "fields": {"app_label": "aljouser", "model": "aljouser"}}, {"model": "contenttypes.contenttype", "pk": 9, "fields": {"app_label": "aljoadmin", "model": "aljoadmincomment"}}, {"model": "contenttypes.contenttype", "pk": 10, "fields": {"app_label": "taggit", "model": "tag"}}, {"model": "contenttypes.contenttype", "pk": 11, "fields": {"app_label": "taggit", "model": "taggeditem"}}, {"model": "contenttypes.contenttype", "pk": 12, "fields": {"app_label": "aljoadmin", "model": "comment"}}, {"model": "contenttypes.contenttype", "pk": 13, "fields": {"app_label": "aljoadmin", "model": "like"}}, {"model": "contenttypes.contenttype", "pk": 14, "fields": {"app_label": "aljouser", "model": "commentuser"}}, {"model": "contenttypes.contenttype", "pk": 15, "fields": {"app_label": "recommend", "model": "recommend"}}, {"model": "sessions.session", "pk": "32picc7pd7eigxo8ssfcf62eoiocppag", "fields": {"session_data": ".eJxVjEEOwiAQRe_C2hAGihSX7nsGMjCMVA0kpV0Z765NutDtf-_9lwi4rSVsPS9hJnERIE6_W8T0yHUHdMd6azK1ui5zlLsiD9rl1Cg_r4f7d1Cwl29tklLaWrbJaQucNEcYfeTRpKwh0-AAjIvo2A6A54E8a0usMnoiJCXeH91yOFQ:1knjQM:exfKq4JTH0I9Bo-bQVLi6lhIEJy6AX0oGpGHCzEgIl4", "expire_date": "2020-12-25T14:29:34.309Z"}}, {"model": "sessions.session", "pk": "55o934fj80pgtrecit8agfvwnh6dhh33", "fields": {"session_data": ".eJxVjMsOwiAQRf-FtSE8CoMu3fsNZGAGqRqalHZl_HfbpAvd3nPOfYuI61Lj2nmOI4mLMOL0uyXMT247oAe2-yTz1JZ5THJX5EG7vE3Er-vh_h1U7HWrfbAAUKx1SYEjQDWE5EwGb4sGdUaXtTbGMw0YMGmHmbhsomFF6JX4fAG-RDeX:1komm1:weNWssrtyCu_7fq_BZsEJVkDeHGW3fTFPQiuUSSA_1k", "expire_date": "2020-12-28T12:16:17.690Z"}}, {"model": "sessions.session", "pk": "6mksvo2oa19gzasjp44vqtikk5sgssx8", "fields": {"session_data": ".eJxVjEEOwiAQRe_C2hAGihSX7nsGMjCMVA0kpV0Z765NutDtf-_9lwi4rSVsPS9hJnERIE6_W8T0yHUHdMd6azK1ui5zlLsiD9rl1Cg_r4f7d1Cwl29tklLaWrbJaQucNEcYfeTRpKwh0-AAjIvo2A6A54E8a0usMnoiJCXeH91yOFQ:1kmrGM:Vplhr6ahjunkWZy2Rj8jSwlNfLANd782P7RPgFg64d0", "expire_date": "2020-12-23T04:39:38.955Z"}}, {"model": "sessions.session", "pk": "7oj80wtnkceyhnkizr9psrxhmwkc0rmd", "fields": {"session_data": ".eJxVjEEOwiAQRe_C2hAGihSX7nsGMjCMVA0kpV0Z765NutDtf-_9lwi4rSVsPS9hJnERIE6_W8T0yHUHdMd6azK1ui5zlLsiD9rl1Cg_r4f7d1Cwl29tklLaWrbJaQucNEcYfeTRpKwh0-AAjIvo2A6A54E8a0usMnoiJCXeH91yOFQ:1knj3H:h02a_c-G0FsecGanjHODJbqe9vB1gw4qhqQoVWjeSYs", "expire_date": "2020-12-25T14:05:43.461Z"}}, {"model": "sessions.session", "pk": "9wxk8ddfd3qzor8ep8jpoocmp2yv9opo", "fields": {"session_data": ".eJxVjEEOwiAQRe_C2hAGihSX7nsGMjCMVA0kpV0Z765NutDtf-_9lwi4rSVsPS9hJnERIE6_W8T0yHUHdMd6azK1ui5zlLsiD9rl1Cg_r4f7d1Cwl29tklLaWrbJaQucNEcYfeTRpKwh0-AAjIvo2A6A54E8a0usMnoiJCXeH91yOFQ:1kmXje:8LI0u4N8HpgBNZ7QXRyi0Y1fU1ND-nzxCrGpXThZKzk", "expire_date": "2020-12-22T07:48:34.082Z"}}, {"model": "sessions.session", "pk": "fb4iylbp6zo1cjquq23c8yptrhk5gxjh", "fields": {"session_data": ".eJxVjEEOwiAQRe_C2hAgFTou3XsGMjMMUjWQlHbVeHdt0oVu_3vvbyriupS4dpnjlNRFWXX63Qj5KXUH6YH13jS3uswT6V3RB-361pK8rof7d1Cwl299dkAGEyMZNwIbi4PxYlEgDRk8YDAh5GTBO3EwwsCOmYlJxGE2ot4f7ZM4uw:1kjtxv:tX9y1l0PfDXBIN2-zYYrBPVd5ozN5Jo-BLGNI5T6Dys", "expire_date": "2020-12-15T00:56:23.383Z"}}, {"model": "sessions.session", "pk": "g4ivn9edw16c5ndtgnvhvjlwtadch8oa", "fields": {"session_data": ".eJxVjMsOwiAQRf-FtSE8CoMu3fsNZGAGqRqalHZl_HfbpAvd3nPOfYuI61Lj2nmOI4mLMOL0uyXMT247oAe2-yTz1JZ5THJX5EG7vE3Er-vh_h1U7HWrfbAAUKx1SYEjQDWE5EwGb4sGdUaXtTbGMw0YMGmHmbhsomFF6JX4fAG-RDeX:1kkSm4:F9Kf4hvVZYkVrotKGPSojuJY8KYfAyv2MhBNbqunuoY", "expire_date": "2020-12-16T14:06:28.548Z"}}, {"model": "sessions.session", "pk": "gbw714ad52wgqgl6snzf2t8yyzd7uu43", "fields": {"session_data": ".eJxVjEEOwiAQRe_C2hAGihSX7nsGMjCMVA0kpV0Z765NutDtf-_9lwi4rSVsPS9hJnERIE6_W8T0yHUHdMd6azK1ui5zlLsiD9rl1Cg_r4f7d1Cwl29tklLaWrbJaQucNEcYfeTRpKwh0-AAjIvo2A6A54E8a0usMnoiJCXeH91yOFQ:1kn0ic:nKVZKpBfdDSC04MRcQCF1cIsYSoteallM2FaaV-R3g8", "expire_date": "2020-12-23T14:45:26.438Z"}}, {"model": "sessions.session", "pk": "oijvz2zgwqucxvzn026ajtg7zctd096c", "fields": {"session_data": ".eJxVjEEOwiAQRe_C2hAGihSX7nsGMjCMVA0kpV0Z765NutDtf-_9lwi4rSVsPS9hJnERIE6_W8T0yHUHdMd6azK1ui5zlLsiD9rl1Cg_r4f7d1Cwl29tklLaWrbJaQucNEcYfeTRpKwh0-AAjIvo2A6A54E8a0usMnoiJCXeH91yOFQ:1kn0S6:VmRY086HbQ_UNcXZUAJdBIBsgb2tFakeo-Wd6Tu9iHc", "expire_date": "2020-12-23T14:28:22.953Z"}}, {"model": "sessions.session", "pk": "ospey8agsqf94lbgavvjwwkmaqyaclvl", "fields": {"session_data": ".eJxVjEEOwiAQRe_C2hAgFTou3XsGMjMMUjWQlHbVeHdt0oVu_3vvbyriupS4dpnjlNRFWXX63Qj5KXUH6YH13jS3uswT6V3RB-361pK8rof7d1Cwl299dkAGEyMZNwIbi4PxYlEgDRk8YDAh5GTBO3EwwsCOmYlJxGE2ot4f7ZM4uw:1kkmXx:Oo9JbfNYZyyOiT2-NRGueMrBn0Sfe-NUehX9G16zgo8", "expire_date": "2020-12-17T11:13:13.418Z"}}, {"model": "sessions.session", "pk": "qoxprks21bxgonm6hjkbo9bmp4exylut", "fields": {"session_data": ".eJxVjEEOwiAQRe_C2hAGihSX7nsGMjCMVA0kpV0Z765NutDtf-_9lwi4rSVsPS9hJnERIE6_W8T0yHUHdMd6azK1ui5zlLsiD9rl1Cg_r4f7d1Cwl29tklLaWrbJaQucNEcYfeTRpKwh0-AAjIvo2A6A54E8a0usMnoiJCXeH91yOFQ:1knAjL:S9OamOntolRlHH8v77jdgjmBvzgMvRhkSNYbjvdnUiI", "expire_date": "2020-12-24T01:26:51.540Z"}}, {"model": "sessions.session", "pk": "r5qb5uvm2i4wa1s1mv2mvqexnuyyz919", "fields": {"session_data": ".eJxVjEEOwiAQRe_C2hAgFTou3XsGMjMMUjWQlHbVeHdt0oVu_3vvbyriupS4dpnjlNRFWXX63Qj5KXUH6YH13jS3uswT6V3RB-361pK8rof7d1Cwl299dkAGEyMZNwIbi4PxYlEgDRk8YDAh5GTBO3EwwsCOmYlJxGE2ot4f7ZM4uw:1kkPNf:7Owh65tfEDBZ5Wc-TG1uJNL2QYuWC8IV-YWM7LA-itE", "expire_date": "2020-12-16T10:29:03.727Z"}}, {"model": "sessions.session", "pk": "sxekn61p8ex4cto8zbuk6e6sproyzpp3", "fields": {"session_data": ".eJxVjEEOwiAQRe_C2hAGihSX7nsGMjCMVA0kpV0Z765NutDtf-_9lwi4rSVsPS9hJnERIE6_W8T0yHUHdMd6azK1ui5zlLsiD9rl1Cg_r4f7d1Cwl29tklLaWrbJaQucNEcYfeTRpKwh0-AAjIvo2A6A54E8a0usMnoiJCXeH91yOFQ:1knjhF:Ppo9ZQSvQlzvQzNjtlrCv3sKBOkkzPZ9BKSVLXUvLPo", "expire_date": "2020-12-25T14:47:01.489Z"}}, {"model": "sessions.session", "pk": "syx4pj38yb6xk8y9wu3cyioxw78exku4", "fields": {"session_data": ".eJxVjEEOwiAQRe_C2hAgFTou3XsGMjMMUjWQlHbVeHdt0oVu_3vvbyriupS4dpnjlNRFWXX63Qj5KXUH6YH13jS3uswT6V3RB-361pK8rof7d1Cwl299dkAGEyMZNwIbi4PxYlEgDRk8YDAh5GTBO3EwwsCOmYlJxGE2ot4f7ZM4uw:1kk8ys:1h1P6Kq-VNSlZJiaqJ5jrDb7lsshoQLENJXJfgNwHls", "expire_date": "2020-12-15T16:58:22.376Z"}}, {"model": "sessions.session", "pk": "szav1s6cvs0gtlnhl2kwt2r0ljqcrtnp", "fields": {"session_data": ".eJxVjEEOwiAQRe_C2hAgFTou3XsGMjMMUjWQlHbVeHdt0oVu_3vvbyriupS4dpnjlNRFWXX63Qj5KXUH6YH13jS3uswT6V3RB-361pK8rof7d1Cwl299dkAGEyMZNwIbi4PxYlEgDRk8YDAh5GTBO3EwwsCOmYlJxGE2ot4f7ZM4uw:1kkQFs:_l0gOgqAGDQvoZdmzgj9vVMUw44t58n-aV9i9UJibt4", "expire_date": "2020-12-16T11:25:04.794Z"}}, {"model": "sessions.session", "pk": "tkar6y3rsk9eufp3tx9ucivh38212yer", "fields": {"session_data": ".eJxVjEEOwiAQRe_C2hAGihSX7nsGMjCMVA0kpV0Z765NutDtf-_9lwi4rSVsPS9hJnERIE6_W8T0yHUHdMd6azK1ui5zlLsiD9rl1Cg_r4f7d1Cwl29tklLaWrbJaQucNEcYfeTRpKwh0-AAjIvo2A6A54E8a0usMnoiJCXeH91yOFQ:1kopTg:HblvNtJ6RnWzq_TCfZlO4KOasKbJSgXLw-UrRrbB7pI", "expire_date": "2020-12-28T15:09:32.052Z"}}, {"model": "sessions.session", "pk": "v8yv8sou1c29psdpxx550szjbbclxqsa", "fields": {"session_data": ".eJxVjEEOwiAQRe_C2hAgFTou3XsGMjMMUjWQlHbVeHdt0oVu_3vvbyriupS4dpnjlNRFWXX63Qj5KXUH6YH13jS3uswT6V3RB-361pK8rof7d1Cwl299dkAGEyMZNwIbi4PxYlEgDRk8YDAh5GTBO3EwwsCOmYlJxGE2ot4f7ZM4uw:1kiZWx:saRq9fOUssIupTmDGaL6hAyTVO8Bnh-FCZu1g1lIBVQ", "expire_date": "2020-12-11T08:55:03.723Z"}}, {"model": "sessions.session", "pk": "w0odc7dt8tvw7o6jyy9oyeckkkzi45dg", "fields": {"session_data": ".eJxVjEEOwiAQRe_C2hAGihSX7nsGMjCMVA0kpV0Z765NutDtf-_9lwi4rSVsPS9hJnERIE6_W8T0yHUHdMd6azK1ui5zlLsiD9rl1Cg_r4f7d1Cwl29tklLaWrbJaQucNEcYfeTRpKwh0-AAjIvo2A6A54E8a0usMnoiJCXeH91yOFQ:1knj0T:5AtGZJwHR77xl0IsLgnHevG-GgaNRPHYTwEDjfvVfmM", "expire_date": "2020-12-25T14:02:49.265Z"}}, {"model": "sessions.session", "pk": "w2tituz2nqpuo9j5sptpmhp869yponip", "fields": {"session_data": ".eJxVjDsOwyAQRO9CHSHMLhhSpvcZEMsnOIlAMnYV5e6xJRdJN5r3Zt7M-W0tbutpcXNkVzYIdvktyYdnqgeJD1_vjYdW12Umfij8pJ1PLabX7XT_DorvZV8bq60BoRWOA6mcjYxKhmijDnpPgCMigUaSaEEG8uilSCKQtJA1APt8AdtFNxc:1m7hoB:iJGx-xMHIl3g1uYWP4pTwQBnmehCgjK2y1qN8K8EpHs", "expire_date": "2021-08-08T17:20:59.104Z"}}, {"model": "sessions.session", "pk": "xh7nllpuwh1lr3xo9m1lex74lwwf8ypu", "fields": {"session_data": ".eJxVjE0OwiAYBe_C2hB-LXXpvmcg8PGQqoGktCvj3bVJF7p9M_NezIdtLX7rWPyc2IVpdvrdYqAH6g7SPdRb49TqusyR7wo_aOdTS3heD_fvoIRevvXZQJOFHIWTOgfohJyzciI4E0c4ArK0ioS1gFPCJnJGDEkNsDqSYe8P-944aw:1knyPI:G6F27s_NtkMUGk0Yy5-o9Htdn0yN-Y78wz_w84RGyuU", "expire_date": "2020-12-26T06:29:28.585Z"}}, {"model": "sessions.session", "pk": "ynxkrf6nbs7paddh9s4gjz5ged2wn5fm", "fields": {"session_data": ".eJxVjEEOwiAQRe_C2hAgFTou3XsGMjMMUjWQlHbVeHdt0oVu_3vvbyriupS4dpnjlNRFWXX63Qj5KXUH6YH13jS3uswT6V3RB-361pK8rof7d1Cwl299dkAGEyMZNwIbi4PxYlEgDRk8YDAh5GTBO3EwwsCOmYlJxGE2ot4f7ZM4uw:1kjIqs:yDLSmNtm2aAKPZln2rn3-jCLp9UGffVxF_ABLicNwAI", "expire_date": "2020-12-13T09:18:38.899Z"}}, {"model": "sessions.session", "pk": "yvtvzldcmq46i9aolf4a29jlks1g96w7", "fields": {"session_data": ".eJxVjEEOwiAQRe_C2hAgFTou3XsGMjMMUjWQlHbVeHdt0oVu_3vvbyriupS4dpnjlNRFWXX63Qj5KXUH6YH13jS3uswT6V3RB-361pK8rof7d1Cwl299dkAGEyMZNwIbi4PxYlEgDRk8YDAh5GTBO3EwwsCOmYlJxGE2ot4f7ZM4uw:1kjLYJ:Z7DTWlR_NKBLuBOzXrhMa94Xzl6SOxU5VXTBkrnps4c", "expire_date": "2020-12-13T12:11:39.369Z"}}, {"model": "sessions.session", "pk": "z5xdgth0qeuoqisunvfk303fum8y6fys", "fields": {"session_data": ".eJxVjEEOwiAQRe_C2hAGihSX7nsGMjCMVA0kpV0Z765NutDtf-_9lwi4rSVsPS9hJnERIE6_W8T0yHUHdMd6azK1ui5zlLsiD9rl1Cg_r4f7d1Cwl29tklLaWrbJaQucNEcYfeTRpKwh0-AAjIvo2A6A54E8a0usMnoiJCXeH91yOFQ:1koQ3j:a8GQ4Y9GFXea79bDnsUr1I6IJiyl8blPUHy4myFrfVw", "expire_date": "2020-12-27T12:01:03.467Z"}}, {"model": "sessions.session", "pk": "zo1ze1eut0hiezblr0p5pl1enbt86trw", "fields": {"session_data": ".eJxVjEEOwiAQRe_C2hAGihSX7nsGMjCMVA0kpV0Z765NutDtf-_9lwi4rSVsPS9hJnERIE6_W8T0yHUHdMd6azK1ui5zlLsiD9rl1Cg_r4f7d1Cwl29tklLaWrbJaQucNEcYfeTRpKwh0-AAjIvo2A6A54E8a0usMnoiJCXeH91yOFQ:1kn0zK:vGpoUt3y0EsG0j4_slZlXELcnXueYJ-vCbMBXwaTbw4", "expire_date": "2020-12-23T15:02:42.853Z"}}, {"model": "aljoadmin.aljoadmin", "pk": 1, "fields": {"foodname": "돼지바 프라푸치노", "slug": "돼지바-프라푸치노", "recipe": "딸기 크림 프라푸치노 + 딸기시럽 6 + 자바칩&토핑 반반 6 + 초콜릿 드리즐 많이", "brand": "스타벅스", "image": "images/2020/12/돼지바_프라푸치노.jpg", "create_dt": "2020-12-11T10:11:37.719Z", "modify_dt": "2020-12-12T16:57:54.141Z", "owner": 1, "like_users": [2]}}, {"model": "aljoadmin.aljoadmin", "pk": 2, "fields": {"foodname": "버터비어 프라푸치노", "slug": "버터비어-프라푸치노", "recipe": "카라멜 드리즐 많이 + 일반 휘핑 많이 + 바닐라크림 프라푸치노 + 카라멜시럽 2펌프 + 바닐라시럽 1펌프 + 헤이즐넛 2펌프", "brand": "스타벅스", "image": "images/2020/12/버터비어_프라푸치노.jpg", "create_dt": "2020-12-11T10:13:30.653Z", "modify_dt": "2020-12-12T16:56:44.225Z", "owner": 1, "like_users": [2]}}, {"model": "aljoadmin.aljoadmin", "pk": 3, "fields": {"foodname": "고디바 프라푸치노", "slug": "고디바-프라푸치노", "recipe": "통자바칩 + 초코드리즐 + 에스프레소 휘핑 많이+ 모카시럽 4펌프 + 헤이즐넛 시럽 5펌프 + 초코크림 프라푸치노", "brand": "스타벅스", "image": "images/2020/12/고디바_프라푸치노.jpg", "create_dt": "2020-12-11T10:20:25.479Z", "modify_dt": "2020-12-13T12:01:14.917Z", "owner": 1, "like_users": [2]}}, {"model": "aljoadmin.aljoadmin", "pk": 4, "fields": {"foodname": "슈렉 플랫치노", "slug": "슈렉-플랫치노", "recipe": "녹차플랫치노 + 초콜릿 칩(반 갈고 반 휘핑 위) + 휘핑 + 초콜릿소스드리즐", "brand": "이디야", "image": "images/2020/12/슈렉플랫치노.jpg", "create_dt": "2020-12-11T12:36:48.260Z", "modify_dt": "2020-12-12T16:57:04.589Z", "owner": 1, "like_users": []}}, {"model": "aljoadmin.aljoadmin", "pk": 5, "fields": {"foodname": "돼지바 쉐이크", "slug": "돼지바-쉐이크", "recipe": "딸기 쉐이크 + 초콜릿 소스 + 쿠키 크림 + 휘핑크림", "brand": "이디야", "image": "images/2020/12/돼지바쉐이크.jpg", "create_dt": "2020-12-11T12:39:02.391Z", "modify_dt": "2020-12-12T16:57:40.855Z", "owner": 1, "like_users": [1, 2, 3]}}, {"model": "aljoadmin.aljoadmin", "pk": 6, "fields": {"foodname": "붕어싸만코 쉐이크", "slug": "붕어싸만코-쉐이크", "recipe": "오리진 쉐이크 + 헤이즐넛 시럽 + 카라멜 시럽 + 휘핑크림", "brand": "이디야", "image": "images/2020/12/붕어싸만코쉐이크.jpg", "create_dt": "2020-12-11T12:40:20.807Z", "modify_dt": "2020-12-14T08:53:18.481Z", "owner": 1, "like_users": []}}, {"model": "aljoadmin.aljoadmin", "pk": 7, "fields": {"foodname": "타로 밀크티", "slug": "타로-밀크티", "recipe": "타로 밀크티 + 얼음 보통 + 당도 50% + 타피오카 펄", "brand": "공차", "image": "images/2020/12/타로밀크티.jpg", "create_dt": "2020-12-11T12:44:09.476Z", "modify_dt": "2020-12-14T09:08:18.206Z", "owner": 1, "like_users": []}}, {"model": "aljoadmin.aljoadmin", "pk": 8, "fields": {"foodname": "초콜렛 밀크티", "slug": "초콜렛-밀크티", "recipe": "초콜렛 밀크티 + 얼음 적게 + 당도 70% + 타피오카 펄 + 밀크폼", "brand": "공차", "image": "images/2020/12/초콜렛밀크티.jpg", "create_dt": "2020-12-11T12:45:27.027Z", "modify_dt": "2020-12-14T09:08:23.662Z", "owner": 1, "like_users": [2]}}, {"model": "aljoadmin.aljoadmin", "pk": 9, "fields": {"foodname": "제주 그린티 스무디", "slug": "제주-그린티-스무디", "recipe": "제주그린티스무디 + 얼음 보통 + 당도 50% + 타피오카 펄 + 밀크폼", "brand": "공차", "image": "images/2020/12/제주그린티스무디.jpg", "create_dt": "2020-12-11T12:47:33.251Z", "modify_dt": "2020-12-12T16:58:42.036Z", "owner": 1, "like_users": [1]}}, {"model": "aljoadmin.aljoadmin", "pk": 12, "fields": {"foodname": "망고 스무디", "slug": "망고-스무디", "recipe": "망고 스무디 + 얼음 보통 + 당도 50% + 코코넛펄 추가", "brand": "공차", "image": "images/2020/12/공차망고스무디.PNG", "create_dt": "2020-12-14T09:37:55.270Z", "modify_dt": "2020-12-14T09:37:55.270Z", "owner": 1, "like_users": []}}, {"model": "aljoadmin.aljoadmin", "pk": 13, "fields": {"foodname": "망고 요구르트", "slug": "망고-요구르트", "recipe": "망고 요구르트 + 당도 30% + 코코넛펄 추가", "brand": "공차", "image": "images/2020/12/공차망고요구르트.PNG", "create_dt": "2020-12-14T09:38:39.007Z", "modify_dt": "2020-12-14T09:38:39.007Z", "owner": 1, "like_users": []}}, {"model": "aljoadmin.aljoadmin", "pk": 14, "fields": {"foodname": "블랙 밀크티", "slug": "블랙-밀크티", "recipe": "블랙 밀크티 + 당도 50~70% + 타피오카펄 추가", "brand": "공차", "image": "images/2020/12/공차블랙밀크티.PNG", "create_dt": "2020-12-14T09:39:53.944Z", "modify_dt": "2020-12-14T09:39:53.944Z", "owner": 1, "like_users": []}}, {"model": "aljoadmin.aljoadmin", "pk": 15, "fields": {"foodname": "우롱 밀크티", "slug": "우롱-밀크티", "recipe": "우롱 밀크티 + 밀크폼 + 당도 50% + 타피오카펄 추가", "brand": "공차", "image": "images/2020/12/공차우롱밀크티.PNG", "create_dt": "2020-12-14T09:41:45.733Z", "modify_dt": "2020-12-14T09:41:45.733Z", "owner": 1, "like_users": []}}, {"model": "aljoadmin.aljoadmin", "pk": 17, "fields": {"foodname": "네스퀵 플랫치노", "slug": "네스퀵-플랫치노", "recipe": "초콜릿칩 플랫치노 + 헤이즐넛 시럽 + 초콜릿칩(반 갈고 반 휘핑 위) + 휘핑 + 초코드리즐", "brand": "이디야", "image": "images/2020/12/네스퀵플랫치노.jpg", "create_dt": "2020-12-14T10:20:43.650Z", "modify_dt": "2020-12-14T10:20:43.650Z", "owner": 1, "like_users": []}}, {"model": "aljoadmin.aljoadmin", "pk": 18, "fields": {"foodname": "토피넛 라떼(토샷추)", "slug": "토피넛-라떼토샷추", "recipe": "토피넛 라떼 + 에스프레소 샷", "brand": "이디야", "image": "images/2020/12/이디야토피넛라떼.PNG", "create_dt": "2020-12-14T10:23:05.732Z", "modify_dt": "2020-12-14T11:16:51.662Z", "owner": 1, "like_users": []}}, {"model": "aljoadmin.aljoadmin", "pk": 19, "fields": {"foodname": "녹차 라떼", "slug": "녹차-라떼", "recipe": "녹차 라떼 + 샷 추가", "brand": "이디야", "image": "images/2020/12/녹차라떼.jpg", "create_dt": "2020-12-14T10:26:20.599Z", "modify_dt": "2020-12-14T10:26:33.117Z", "owner": 1, "like_users": []}}, {"model": "aljoadmin.aljoadmin", "pk": 20, "fields": {"foodname": "아이스티(아샷추)", "slug": "아이스티아샷추", "recipe": "아이스티 + 샷 추가", "brand": "이디야", "image": "images/2020/12/KakaoTalk_20201214_161555143_01.jpg", "create_dt": "2020-12-14T10:27:21.194Z", "modify_dt": "2020-12-14T10:27:34.643Z", "owner": 1, "like_users": []}}, {"model": "aljoadmin.aljoadmin", "pk": 21, "fields": {"foodname": "초콜릿크림칩 프라푸치노", "slug": "초콜릿크림칩-프라푸치노", "recipe": "초콜릿크림칩 프라푸치노 + 카라멜드리즐 + 에스프레소 휘핑크림으로 변경", "brand": "스타벅스", "image": "images/2020/12/KakaoTalk_20201214_161555143_02.jpg", "create_dt": "2020-12-14T10:29:19.129Z", "modify_dt": "2020-12-14T10:29:19.129Z", "owner": 1, "like_users": []}}, {"model": "aljoadmin.aljoadmin", "pk": 22, "fields": {"foodname": "말차크림 프라푸치노", "slug": "말차크림-프라푸치노", "recipe": "말차크림 프라푸치노 + 프라푸치노용 시럽(라이트) + 클래식 시럽 없이 + 유기농 말차 9 + 자바칩 토핑(반반) 5 + 일반 휘핑 많이", "brand": "스타벅스", "image": "images/2020/12/KakaoTalk_20201214_161555143_03.jpg", "create_dt": "2020-12-14T10:33:27.118Z", "modify_dt": "2020-12-14T10:33:27.118Z", "owner": 1, "like_users": []}}, {"model": "aljoadmin.aljoadmin", "pk": 23, "fields": {"foodname": "트윅스 프라푸치노", "slug": "트윅스-프라푸치노", "recipe": "카라멜 프라푸치노 + 카라멜드리즐 + 초코드리즐 + 휘핑 추가 + 자바칩 반반", "brand": "스타벅스", "image": "images/2020/12/KakaoTalk_20201214_161555143_04.jpg", "create_dt": "2020-12-14T10:34:28.420Z", "modify_dt": "2020-12-14T10:34:28.420Z", "owner": 1, "like_users": []}}, {"model": "aljoadmin.aljoadmin", "pk": 24, "fields": {"foodname": "아메리카노", "slug": "아메리카노", "recipe": "아이스 아메리카노 + 헤이즐넛 시럽", "brand": "스타벅스", "image": "images/2020/12/KakaoTalk_20201214_161555143_05.jpg", "create_dt": "2020-12-14T10:35:05.848Z", "modify_dt": "2020-12-14T10:35:05.848Z", "owner": 1, "like_users": []}}, {"model": "aljoadmin.comment", "pk": 37, "fields": {"aljo": 5, "writer": 1, "content": "테스트", "create_dt": "2020-12-12T09:19:29.210Z", "modify_dt": "2020-12-12T09:19:29.210Z"}}, {"model": "aljouser.aljouser", "pk": 1, "fields": {"foodname": "페레로로쉐 프라푸치노", "recipe": "자바칩 프라푸치노 + 헤이즐넛 드리즐 + 헤이즐넛 시럽 2펌프 + 모카 시럽 3펌프 + 휘핑크림\r\n\r\n제가 달달한 걸 좋아해서 제 최애 메뉴예요😍", "brand": "스타벅스", "role": "알바생", "image": "images/2020/12/페레로로쉐_프라푸치노.jpg", "create_dt": "2020-12-11T13:10:59.581Z", "modify_dt": "2020-12-11T13:36:35.913Z", "owner": 2, "like_users": []}}, {"model": "aljouser.aljouser", "pk": 59, "fields": {"foodname": "블랙 와플칩 크림 프라푸치노", "recipe": "블랙 와플 쿠키를 통채로 갈아서 만드는 거라고 하네요!\r\n제가 달콤한 거를 좋아해서 초코 드리즐이랑 카라멜 드리즐 추가해서 먹었는데 맛있었어요 👍👍", "brand": "스타벅스", "role": "매니아", "image": "images/2020/12/블랙와플칩_크림프라푸치노.jpg", "create_dt": "2020-12-11T13:35:49.282Z", "modify_dt": "2020-12-11T13:35:49.282Z", "owner": 2, "like_users": [1]}}, {"model": "aljouser.aljouser", "pk": 60, "fields": {"foodname": "블랙 밀크티", "recipe": "얼음 보통 + 당도 70% + 타피오카 펄\r\n\r\n당도 높을수록 맛이 진해져요. 진한 홍차 맛이 나요!", "brand": "공차", "role": "매니아", "image": "images/2020/12/블랙밀크티.jpg", "create_dt": "2020-12-11T13:48:09.392Z", "modify_dt": "2020-12-11T13:48:09.392Z", "owner": 3, "like_users": []}}, {"model": "aljouser.aljouser", "pk": 61, "fields": {"foodname": "딸기 쥬얼리 밀크티", "recipe": "얼그레이티로 만든 밀크티에 딸기 과즙이 함유됐대요!\r\n제가 선택하는 데 엄청난 고민을 해야 돼서 그냥 당도랑 얼음은 기본으로 했어요 ㅠㅠ\r\n근데도 맛있고 딱 제 취향이었네요😁 달달한 거 좋아하시는 분들에게 추천드립니다!!", "brand": "공차", "role": "매니아", "image": "images/2020/12/딸기쥬얼리밀크티.jpg", "create_dt": "2020-12-11T13:53:11.293Z", "modify_dt": "2020-12-11T13:53:11.293Z", "owner": 3, "like_users": []}}, {"model": "aljouser.aljouser", "pk": 62, "fields": {"foodname": "고구마 라떼", "recipe": "요즘 날씨가 추워서 따뜻한 음료를 마시는데 추천드리고 싶은 게 고구마 라떼입니다!\r\n\r\n고구마페이스트 레시피 정량대로 넣고 손님에게 드렸는데 밍밍하다고 하셨어요 ㅠㅠ 그래서 고구마 페이스트 반 스푼 정도 더 넣어드렸더니 흡족해 하시더라구요 ✌\r\n\r\n(그리고 비밀인데 시나몬 파우더 뿌려 먹으면 더 맛있어요)", "brand": "이디야", "role": "알바생", "image": "images/2020/12/고구마라떼.jpg", "create_dt": "2020-12-11T14:02:12.624Z", "modify_dt": "2020-12-11T14:02:12.624Z", "owner": 3, "like_users": [4]}}, {"model": "aljouser.aljouser", "pk": 63, "fields": {"foodname": "더블 그린 카페라떼", "recipe": "더블 그린 카페라떼 + 얼음 보통 + 타피오카펄 추가\r\n\r\n녹차 좋아해서 먹어봤는데 커피맛도 나고 맛있네요!", "brand": "공차", "role": "매니아", "image": "images/2020/12/더블그린.jpg", "create_dt": "2020-12-14T10:41:14.309Z", "modify_dt": "2020-12-14T10:41:14.309Z", "owner": 1, "like_users": []}}, {"model": "aljouser.aljouser", "pk": 64, "fields": {"foodname": "쿠앤크 프라푸치노", "recipe": "바닐라크림 프라푸치노 + 통자바칩 1/3 + 초코 휘핑 + 자바칩 2/3 갈기\r\n\r\n쿠앤크 아이스크림을 엄청 좋아하는데 스벅에도 커스텀으로 메뉴 먹어볼 수 있어서 먹어봤어요.\r\n완전 제 취향입니다...😉", "brand": "스타벅스", "role": "매니아", "image": "images/2020/12/쿠앤크.jpg", "create_dt": "2020-12-14T10:44:58.355Z", "modify_dt": "2020-12-14T10:44:58.355Z", "owner": 1, "like_users": []}}, {"model": "aljouser.aljouser", "pk": 65, "fields": {"foodname": "초코 쿠앤크 스무디", "recipe": "초코 쿠앤크 스무디 + 타피오카 펄 + 당도, 얼음 기본\r\n\r\n초코 좋아하면 절대! 실패할 일 없는 거 같아요.\r\n초코 좋아하면 드셔보세요😆", "brand": "스타벅스", "role": "알바생", "image": "images/2020/12/초코쿠앤크.jpg", "create_dt": "2020-12-14T10:53:17.101Z", "modify_dt": "2020-12-14T10:53:17.101Z", "owner": 1, "like_users": []}}, {"model": "aljouser.aljouser", "pk": 66, "fields": {"foodname": "골드키위주스", "recipe": "골드키위주스 + 시럽 추가\r\n\r\n이디야 과일 주스는 냉동과일팩 이외에 시럽이나 설탕을 넣지 않아서 추가해서 먹어봤어요. 키위를 좋아해서 그런지 언제 먹어도 맛있네요.", "brand": "이디야", "role": "알바생", "image": "images/2020/12/키위.jpg", "create_dt": "2020-12-14T11:00:17.111Z", "modify_dt": "2020-12-14T11:00:17.111Z", "owner": 1, "like_users": []}}, {"model": "aljouser.commentuser", "pk": 44, "fields": {"aljo": 62, "writer": 4, "content": "시나몬 파우더 뿌려서 먹어봐야겠네요! 감사합니다😊", "create_dt": "2020-12-12T05:51:53.514Z", "modify_dt": "2020-12-12T05:51:53.514Z"}}, {"model": "recommend.recommend", "pk": 3, "fields": {"q1": 3, "q2": 2, "q3": 4, "q4": 5, "q5": 5, "q6": 5, "q7": 3, "q8": 3, "q9": 3, "q10": 5, "q11": 3, "q12": 3, "q13": 3, "q14": 5, "q15": 3, "q16": 3, "q17": 3, "q18": 3, "q19": 5, "q20": 4}}, {"model": "recommend.recommend", "pk": 4, "fields": {"q1": 3, "q2": null, "q3": null, "q4": null, "q5": null, "q6": 3, "q7": null, "q8": null, "q9": null, "q10": 5, "q11": null, "q12": null, "q13": null, "q14": null, "q15": null, "q16": null, "q17": null, "q18": null, "q19": null, "q20": null}}, {"model": "taggit.tag", "pk": 1, "fields": {"name": "딸기", "slug": ""}}, {"model": "taggit.tag", "pk": 2, "fields": {"name": "스타벅스", "slug": "_1"}}, {"model": "taggit.tag", "pk": 3, "fields": {"name": "해리포터", "slug": "_2"}}, {"model": "taggit.tag", "pk": 4, "fields": {"name": "test", "slug": "test"}}, {"model": "taggit.tag", "pk": 5, "fields": {"name": "테스트", "slug": "_3"}}, {"model": "taggit.tag", "pk": 6, "fields": {"name": "d", "slug": "d"}}, {"model": "taggit.tag", "pk": 7, "fields": {"name": "프라푸치노", "slug": "_4"}}, {"model": "taggit.tag", "pk": 8, "fields": {"name": "ㅇ", "slug": "_5"}}, {"model": "taggit.tag", "pk": 9, "fields": {"name": "ㅇㅇ", "slug": "_6"}}, {"model": "taggit.tag", "pk": 10, "fields": {"name": "ㅁㄴㅇㄻ", "slug": "_7"}}, {"model": "taggit.tag", "pk": 11, "fields": {"name": "asd", "slug": "asd"}}, {"model": "taggit.tag", "pk": 12, "fields": {"name": "zzz", "slug": "zzz"}}, {"model": "taggit.tag", "pk": 13, "fields": {"name": "h", "slug": "h"}}, {"model": "taggit.tag", "pk": 14, "fields": {"name": "s", "slug": "s"}}, {"model": "taggit.tag", "pk": 15, "fields": {"name": "ㄴ", "slug": "_8"}}, {"model": "taggit.tag", "pk": 16, "fields": {"name": "초코", "slug": "_9"}}, {"model": "taggit.tag", "pk": 17, "fields": {"name": "ㅁ", "slug": "_10"}}, {"model": "taggit.tag", "pk": 18, "fields": {"name": "b", "slug": "b"}}, {"model": "taggit.tag", "pk": 19, "fields": {"name": "tt", "slug": "tt"}}, {"model": "taggit.tag", "pk": 20, "fields": {"name": "a", "slug": "a"}}, {"model": "taggit.tag", "pk": 21, "fields": {"name": "aa", "slug": "aa"}}, {"model": "taggit.tag", "pk": 22, "fields": {"name": "dd", "slug": "dd"}}, {"model": "taggit.tag", "pk": 23, "fields": {"name": "j", "slug": "j"}}, {"model": "taggit.tag", "pk": 24, "fields": {"name": "k", "slug": "k"}}, {"model": "taggit.tag", "pk": 25, "fields": {"name": "i", "slug": "i"}}, {"model": "taggit.tag", "pk": 26, "fields": {"name": "공차", "slug": "_11"}}, {"model": "taggit.tag", "pk": 27, "fields": {"name": "이디야", "slug": "_12"}}, {"model": "taggit.tag", "pk": 28, "fields": {"name": "f", "slug": "f"}}, {"model": "taggit.tag", "pk": 29, "fields": {"name": "녹차", "slug": "_13"}}, {"model": "taggit.tag", "pk": 30, "fields": {"name": "슈렉", "slug": "_14"}}, {"model": "taggit.tag", "pk": 31, "fields": {"name": "붕어싸만코", "slug": "_15"}}, {"model": "taggit.tag", "pk": 32, "fields": {"name": "밀크티", "slug": "_16"}}, {"model": "taggit.tag", "pk": 33, "fields": {"name": "타로밀크티", "slug": "_17"}}, {"model": "taggit.tag", "pk": 34, "fields": {"name": "초콜렛밀크티", "slug": "_18"}}, {"model": "taggit.tag", "pk": 35, "fields": {"name": "제주그린티스무디", "slug": "_19"}}, {"model": "taggit.tag", "pk": 36, "fields": {"name": "페레로로쉐프라푸치노", "slug": "_20"}}, {"model": "taggit.tag", "pk": 37, "fields": {"name": "블랙와플칩크림프라푸치노", "slug": "_21"}}, {"model": "taggit.tag", "pk": 38, "fields": {"name": "신메뉴", "slug": "_22"}}, {"model": "taggit.tag", "pk": 39, "fields": {"name": "자바칩", "slug": "_23"}}, {"model": "taggit.tag", "pk": 40, "fields": {"name": "페레로로쉐", "slug": "_24"}}, {"model": "taggit.tag", "pk": 41, "fields": {"name": "블랙밀크티", "slug": "_25"}}, {"model": "taggit.tag", "pk": 42, "fields": {"name": "딸기쥬얼리밀크티", "slug": "_26"}}, {"model": "taggit.tag", "pk": 43, "fields": {"name": "고구마라떼", "slug": "_27"}}, {"model": "taggit.tag", "pk": 44, "fields": {"name": "플랫치노", "slug": "_28"}}, {"model": "taggit.tag", "pk": 45, "fields": {"name": "돼지바", "slug": "_29"}}, {"model": "taggit.tag", "pk": 46, "fields": {"name": "쉐이크", "slug": "_30"}}, {"model": "taggit.tag", "pk": 47, "fields": {"name": "스무디", "slug": "_31"}}, {"model": "taggit.tag", "pk": 48, "fields": {"name": "망고", "slug": "_32"}}, {"model": "taggit.tag", "pk": 49, "fields": {"name": "망고스무디", "slug": "_33"}}, {"model": "taggit.tag", "pk": 50, "fields": {"name": "망고요구르트", "slug": "_34"}}, {"model": "taggit.tag", "pk": 51, "fields": {"name": "요구르트", "slug": "_35"}}, {"model": "taggit.tag", "pk": 52, "fields": {"name": "우롱밀크티", "slug": "_36"}}, {"model": "taggit.tag", "pk": 53, "fields": {"name": "슈렉플랫치노", "slug": "_37"}}, {"model": "taggit.tag", "pk": 54, "fields": {"name": "녹차플랫치노", "slug": "_38"}}, {"model": "taggit.tag", "pk": 55, "fields": {"name": "네스퀵플랫치노", "slug": "_39"}}, {"model": "taggit.tag", "pk": 56, "fields": {"name": "네스퀵", "slug": "_40"}}, {"model": "taggit.tag", "pk": 57, "fields": {"name": "토샷추", "slug": "_41"}}, {"model": "taggit.tag", "pk": 58, "fields": {"name": "토피넛라떼", "slug": "_42"}}, {"model": "taggit.tag", "pk": 59, "fields": {"name": "라떼", "slug": "_43"}}, {"model": "taggit.tag", "pk": 60, "fields": {"name": "녹차라떼", "slug": "_44"}}, {"model": "taggit.tag", "pk": 61, "fields": {"name": "아이스티", "slug": "_45"}}, {"model": "taggit.tag", "pk": 62, "fields": {"name": "샷추가", "slug": "_46"}}, {"model": "taggit.tag", "pk": 63, "fields": {"name": "아샷추", "slug": "_47"}}, {"model": "taggit.tag", "pk": 64, "fields": {"name": "초콜릿크림칩프라푸치노", "slug": "_48"}}, {"model": "taggit.tag", "pk": 65, "fields": {"name": "말차크림프라푸치노", "slug": "_49"}}, {"model": "taggit.tag", "pk": 66, "fields": {"name": "말차", "slug": "_50"}}, {"model": "taggit.tag", "pk": 67, "fields": {"name": "카라멜", "slug": "_51"}}, {"model": "taggit.tag", "pk": 68, "fields": {"name": "카라멜프라푸치노", "slug": "_52"}}, {"model": "taggit.tag", "pk": 69, "fields": {"name": "트윅스프라푸치노", "slug": "_53"}}, {"model": "taggit.tag", "pk": 70, "fields": {"name": "아메리카노", "slug": "_54"}}, {"model": "taggit.tag", "pk": 71, "fields": {"name": "카페라떼", "slug": "_55"}}, {"model": "taggit.tag", "pk": 72, "fields": {"name": "쿠앤크", "slug": "_56"}}, {"model": "taggit.tag", "pk": 73, "fields": {"name": "오레오", "slug": "_57"}}, {"model": "taggit.tag", "pk": 74, "fields": {"name": "오레오프라푸치노", "slug": "_58"}}, {"model": "taggit.tag", "pk": 75, "fields": {"name": "쿠앤크프라푸치노", "slug": "_59"}}, {"model": "taggit.tag", "pk": 76, "fields": {"name": "초코쿠앤크스무디", "slug": "_60"}}, {"model": "taggit.tag", "pk": 77, "fields": {"name": "골드키위주스", "slug": "_61"}}, {"model": "taggit.tag", "pk": 78, "fields": {"name": "키위", "slug": "_62"}}, {"model": "taggit.taggeditem", "pk": 39, "fields": {"tag": 16, "content_type": 8, "object_id": 31}}, {"model": "taggit.taggeditem", "pk": 40, "fields": {"tag": 2, "content_type": 8, "object_id": 31}}, {"model": "taggit.taggeditem", "pk": 69, "fields": {"tag": 2, "content_type": 7, "object_id": 3}}, {"model": "taggit.taggeditem", "pk": 72, "fields": {"tag": 16, "content_type": 7, "object_id": 5}}, {"model": "taggit.taggeditem", "pk": 77, "fields": {"tag": 27, "content_type": 7, "object_id": 6}}, {"model": "taggit.taggeditem", "pk": 84, "fields": {"tag": 26, "content_type": 7, "object_id": 9}}, {"model": "taggit.taggeditem", "pk": 85, "fields": {"tag": 32, "content_type": 7, "object_id": 10}}, {"model": "taggit.taggeditem", "pk": 86, "fields": {"tag": 26, "content_type": 7, "object_id": 10}}, {"model": "taggit.taggeditem", "pk": 87, "fields": {"tag": 34, "content_type": 7, "object_id": 10}}, {"model": "taggit.taggeditem", "pk": 88, "fields": {"tag": 26, "content_type": 7, "object_id": 11}}, {"model": "taggit.taggeditem", "pk": 89, "fields": {"tag": 35, "content_type": 7, "object_id": 11}}, {"model": "taggit.taggeditem", "pk": 90, "fields": {"tag": 29, "content_type": 7, "object_id": 11}}, {"model": "taggit.taggeditem", "pk": 91, "fields": {"tag": 16, "content_type": 8, "object_id": 58}}, {"model": "taggit.taggeditem", "pk": 92, "fields": {"tag": 2, "content_type": 8, "object_id": 58}}, {"model": "taggit.taggeditem", "pk": 93, "fields": {"tag": 36, "content_type": 8, "object_id": 58}}, {"model": "taggit.taggeditem", "pk": 94, "fields": {"tag": 2, "content_type": 8, "object_id": 59}}, {"model": "taggit.taggeditem", "pk": 95, "fields": {"tag": 37, "content_type": 8, "object_id": 59}}, {"model": "taggit.taggeditem", "pk": 96, "fields": {"tag": 38, "content_type": 8, "object_id": 59}}, {"model": "taggit.taggeditem", "pk": 97, "fields": {"tag": 2, "content_type": 8, "object_id": 1}}, {"model": "taggit.taggeditem", "pk": 98, "fields": {"tag": 7, "content_type": 8, "object_id": 1}}, {"model": "taggit.taggeditem", "pk": 99, "fields": {"tag": 40, "content_type": 8, "object_id": 1}}, {"model": "taggit.taggeditem", "pk": 100, "fields": {"tag": 39, "content_type": 8, "object_id": 1}}, {"model": "taggit.taggeditem", "pk": 101, "fields": {"tag": 16, "content_type": 8, "object_id": 1}}, {"model": "taggit.taggeditem", "pk": 102, "fields": {"tag": 32, "content_type": 8, "object_id": 60}}, {"model": "taggit.taggeditem", "pk": 103, "fields": {"tag": 41, "content_type": 8, "object_id": 60}}, {"model": "taggit.taggeditem", "pk": 104, "fields": {"tag": 26, "content_type": 8, "object_id": 60}}, {"model": "taggit.taggeditem", "pk": 105, "fields": {"tag": 32, "content_type": 8, "object_id": 61}}, {"model": "taggit.taggeditem", "pk": 106, "fields": {"tag": 1, "content_type": 8, "object_id": 61}}, {"model": "taggit.taggeditem", "pk": 107, "fields": {"tag": 26, "content_type": 8, "object_id": 61}}, {"model": "taggit.taggeditem", "pk": 108, "fields": {"tag": 42, "content_type": 8, "object_id": 61}}, {"model": "taggit.taggeditem", "pk": 109, "fields": {"tag": 27, "content_type": 8, "object_id": 62}}, {"model": "taggit.taggeditem", "pk": 110, "fields": {"tag": 43, "content_type": 8, "object_id": 62}}, {"model": "taggit.taggeditem", "pk": 111, "fields": {"tag": 16, "content_type": 7, "object_id": 3}}, {"model": "taggit.taggeditem", "pk": 112, "fields": {"tag": 7, "content_type": 7, "object_id": 3}}, {"model": "taggit.taggeditem", "pk": 113, "fields": {"tag": 2, "content_type": 7, "object_id": 2}}, {"model": "taggit.taggeditem", "pk": 114, "fields": {"tag": 3, "content_type": 7, "object_id": 2}}, {"model": "taggit.taggeditem", "pk": 115, "fields": {"tag": 7, "content_type": 7, "object_id": 2}}, {"model": "taggit.taggeditem", "pk": 116, "fields": {"tag": 27, "content_type": 7, "object_id": 4}}, {"model": "taggit.taggeditem", "pk": 117, "fields": {"tag": 44, "content_type": 7, "object_id": 4}}, {"model": "taggit.taggeditem", "pk": 118, "fields": {"tag": 29, "content_type": 7, "object_id": 4}}, {"model": "taggit.taggeditem", "pk": 119, "fields": {"tag": 30, "content_type": 7, "object_id": 4}}, {"model": "taggit.taggeditem", "pk": 120, "fields": {"tag": 1, "content_type": 7, "object_id": 5}}, {"model": "taggit.taggeditem", "pk": 121, "fields": {"tag": 27, "content_type": 7, "object_id": 5}}, {"model": "taggit.taggeditem", "pk": 122, "fields": {"tag": 45, "content_type": 7, "object_id": 5}}, {"model": "taggit.taggeditem", "pk": 123, "fields": {"tag": 16, "content_type": 7, "object_id": 1}}, {"model": "taggit.taggeditem", "pk": 124, "fields": {"tag": 1, "content_type": 7, "object_id": 1}}, {"model": "taggit.taggeditem", "pk": 125, "fields": {"tag": 2, "content_type": 7, "object_id": 1}}, {"model": "taggit.taggeditem", "pk": 126, "fields": {"tag": 45, "content_type": 7, "object_id": 1}}, {"model": "taggit.taggeditem", "pk": 127, "fields": {"tag": 46, "content_type": 7, "object_id": 6}}, {"model": "taggit.taggeditem", "pk": 128, "fields": {"tag": 31, "content_type": 7, "object_id": 6}}, {"model": "taggit.taggeditem", "pk": 129, "fields": {"tag": 32, "content_type": 7, "object_id": 7}}, {"model": "taggit.taggeditem", "pk": 130, "fields": {"tag": 33, "content_type": 7, "object_id": 7}}, {"model": "taggit.taggeditem", "pk": 131, "fields": {"tag": 26, "content_type": 7, "object_id": 7}}, {"model": "taggit.taggeditem", "pk": 132, "fields": {"tag": 32, "content_type": 7, "object_id": 8}}, {"model": "taggit.taggeditem", "pk": 133, "fields": {"tag": 16, "content_type": 7, "object_id": 8}}, {"model": "taggit.taggeditem", "pk": 134, "fields": {"tag": 26, "content_type": 7, "object_id": 8}}, {"model": "taggit.taggeditem", "pk": 135, "fields": {"tag": 29, "content_type": 7, "object_id": 9}}, {"model": "taggit.taggeditem", "pk": 136, "fields": {"tag": 47, "content_type": 7, "object_id": 9}}, {"model": "taggit.taggeditem", "pk": 137, "fields": {"tag": 48, "content_type": 7, "object_id": 12}}, {"model": "taggit.taggeditem", "pk": 138, "fields": {"tag": 49, "content_type": 7, "object_id": 12}}, {"model": "taggit.taggeditem", "pk": 139, "fields": {"tag": 26, "content_type": 7, "object_id": 12}}, {"model": "taggit.taggeditem", "pk": 140, "fields": {"tag": 47, "content_type": 7, "object_id": 12}}, {"model": "taggit.taggeditem", "pk": 141, "fields": {"tag": 48, "content_type": 7, "object_id": 13}}, {"model": "taggit.taggeditem", "pk": 142, "fields": {"tag": 26, "content_type": 7, "object_id": 13}}, {"model": "taggit.taggeditem", "pk": 143, "fields": {"tag": 51, "content_type": 7, "object_id": 13}}, {"model": "taggit.taggeditem", "pk": 144, "fields": {"tag": 50, "content_type": 7, "object_id": 13}}, {"model": "taggit.taggeditem", "pk": 145, "fields": {"tag": 32, "content_type": 7, "object_id": 14}}, {"model": "taggit.taggeditem", "pk": 146, "fields": {"tag": 41, "content_type": 7, "object_id": 14}}, {"model": "taggit.taggeditem", "pk": 147, "fields": {"tag": 26, "content_type": 7, "object_id": 14}}, {"model": "taggit.taggeditem", "pk": 148, "fields": {"tag": 32, "content_type": 7, "object_id": 15}}, {"model": "taggit.taggeditem", "pk": 149, "fields": {"tag": 26, "content_type": 7, "object_id": 15}}, {"model": "taggit.taggeditem", "pk": 150, "fields": {"tag": 52, "content_type": 7, "object_id": 15}}, {"model": "taggit.taggeditem", "pk": 156, "fields": {"tag": 44, "content_type": 7, "object_id": 17}}, {"model": "taggit.taggeditem", "pk": 157, "fields": {"tag": 16, "content_type": 7, "object_id": 17}}, {"model": "taggit.taggeditem", "pk": 158, "fields": {"tag": 55, "content_type": 7, "object_id": 17}}, {"model": "taggit.taggeditem", "pk": 159, "fields": {"tag": 56, "content_type": 7, "object_id": 17}}, {"model": "taggit.taggeditem", "pk": 160, "fields": {"tag": 27, "content_type": 7, "object_id": 17}}, {"model": "taggit.taggeditem", "pk": 161, "fields": {"tag": 57, "content_type": 7, "object_id": 18}}, {"model": "taggit.taggeditem", "pk": 162, "fields": {"tag": 58, "content_type": 7, "object_id": 18}}, {"model": "taggit.taggeditem", "pk": 163, "fields": {"tag": 27, "content_type": 7, "object_id": 18}}, {"model": "taggit.taggeditem", "pk": 164, "fields": {"tag": 27, "content_type": 7, "object_id": 19}}, {"model": "taggit.taggeditem", "pk": 165, "fields": {"tag": 59, "content_type": 7, "object_id": 19}}, {"model": "taggit.taggeditem", "pk": 166, "fields": {"tag": 60, "content_type": 7, "object_id": 19}}, {"model": "taggit.taggeditem", "pk": 167, "fields": {"tag": 29, "content_type": 7, "object_id": 19}}, {"model": "taggit.taggeditem", "pk": 168, "fields": {"tag": 59, "content_type": 7, "object_id": 18}}, {"model": "taggit.taggeditem", "pk": 169, "fields": {"tag": 27, "content_type": 7, "object_id": 20}}, {"model": "taggit.taggeditem", "pk": 170, "fields": {"tag": 61, "content_type": 7, "object_id": 20}}, {"model": "taggit.taggeditem", "pk": 172, "fields": {"tag": 63, "content_type": 7, "object_id": 20}}, {"model": "taggit.taggeditem", "pk": 173, "fields": {"tag": 16, "content_type": 7, "object_id": 21}}, {"model": "taggit.taggeditem", "pk": 174, "fields": {"tag": 2, "content_type": 7, "object_id": 21}}, {"model": "taggit.taggeditem", "pk": 175, "fields": {"tag": 64, "content_type": 7, "object_id": 21}}, {"model": "taggit.taggeditem", "pk": 176, "fields": {"tag": 7, "content_type": 7, "object_id": 21}}, {"model": "taggit.taggeditem", "pk": 177, "fields": {"tag": 65, "content_type": 7, "object_id": 22}}, {"model": "taggit.taggeditem", "pk": 178, "fields": {"tag": 2, "content_type": 7, "object_id": 22}}, {"model": "taggit.taggeditem", "pk": 179, "fields": {"tag": 66, "content_type": 7, "object_id": 22}}, {"model": "taggit.taggeditem", "pk": 180, "fields": {"tag": 7, "content_type": 7, "object_id": 22}}, {"model": "taggit.taggeditem", "pk": 181, "fields": {"tag": 2, "content_type": 7, "object_id": 23}}, {"model": "taggit.taggeditem", "pk": 182, "fields": {"tag": 67, "content_type": 7, "object_id": 23}}, {"model": "taggit.taggeditem", "pk": 183, "fields": {"tag": 68, "content_type": 7, "object_id": 23}}, {"model": "taggit.taggeditem", "pk": 184, "fields": {"tag": 69, "content_type": 7, "object_id": 23}}, {"model": "taggit.taggeditem", "pk": 185, "fields": {"tag": 16, "content_type": 7, "object_id": 23}}, {"model": "taggit.taggeditem", "pk": 186, "fields": {"tag": 2, "content_type": 7, "object_id": 24}}, {"model": "taggit.taggeditem", "pk": 187, "fields": {"tag": 70, "content_type": 7, "object_id": 24}}, {"model": "taggit.taggeditem", "pk": 188, "fields": {"tag": 26, "content_type": 8, "object_id": 63}}, {"model": "taggit.taggeditem", "pk": 189, "fields": {"tag": 29, "content_type": 8, "object_id": 63}}, {"model": "taggit.taggeditem", "pk": 190, "fields": {"tag": 71, "content_type": 8, "object_id": 63}}, {"model": "taggit.taggeditem", "pk": 191, "fields": {"tag": 2, "content_type": 8, "object_id": 64}}, {"model": "taggit.taggeditem", "pk": 192, "fields": {"tag": 7, "content_type": 8, "object_id": 64}}, {"model": "taggit.taggeditem", "pk": 193, "fields": {"tag": 72, "content_type": 8, "object_id": 64}}, {"model": "taggit.taggeditem", "pk": 194, "fields": {"tag": 73, "content_type": 8, "object_id": 64}}, {"model": "taggit.taggeditem", "pk": 195, "fields": {"tag": 74, "content_type": 8, "object_id": 64}}, {"model": "taggit.taggeditem", "pk": 196, "fields": {"tag": 75, "content_type": 8, "object_id": 64}}, {"model": "taggit.taggeditem", "pk": 197, "fields": {"tag": 72, "content_type": 8, "object_id": 65}}, {"model": "taggit.taggeditem", "pk": 198, "fields": {"tag": 76, "content_type": 8, "object_id": 65}}, {"model": "taggit.taggeditem", "pk": 199, "fields": {"tag": 47, "content_type": 8, "object_id": 65}}, {"model": "taggit.taggeditem", "pk": 200, "fields": {"tag": 16, "content_type": 8, "object_id": 65}}, {"model": "taggit.taggeditem", "pk": 201, "fields": {"tag": 26, "content_type": 8, "object_id": 65}}, {"model": "taggit.taggeditem", "pk": 202, "fields": {"tag": 27, "content_type": 8, "object_id": 66}}, {"model": "taggit.taggeditem", "pk": 203, "fields": {"tag": 77, "content_type": 8, "object_id": 66}}, {"model": "taggit.taggeditem", "pk": 204, "fields": {"tag": 78, "content_type": 8, "object_id": 66}}]